Palabra,Frecuencia
trump,687
walz,606
tim,480
wa,421
people,402
like,354
vote,337
harris,304
kamala,273
dont,243
u,217
one,214
guy,207
love,204
know,193
want,185
president,174
make,174
year,172
would,165
say,164
america,163
get,162
man,159
time,155
im,153
american,151
tampon,151
country,150
vance,147
need,147
weird,142
go,141
great,137
even,136
thats,134
democrat,133
right,128
biden,127
cant,126
think,126
said,124
see,123
let,122
look,116
state,113
thing,110
going,107
never,107
lie,103
good,97
way,96
could,92
blue,90
party,89
white,89
didnt,86
really,86
family,86
garbage,85
back,84
woman,83
happy,83
ever,82
minnesota,81
someone,80
god,79
come,79
nothing,79
much,79
doe,77
world,76
got,76
vp,75
put,75
child,75
well,74
waltz,74
please,73
policy,72
doesnt,72
first,71
talk,71
joke,71
taylor,71
day,70
republican,70
also,70
election,69
joy,68
best,67
black,67
give,67
thank,66
made,66
speech,66
boy,66
care,65
puerto,65
believe,64
call,64
many,64
take,64
gay,62
tell,62
still,62
hope,62
win,62
fact,61
person,61
better,61
real,60
work,60
show,60
voting,60
talking,60
support,59
tax,58
anything,58
always,58
house,58
school,58
old,56
anyone,56
border,56
coach,56
running,55
word,55
life,54
done,53
left,53
sure,53
bad,53
money,53
mean,52
stop,52
every,51
everyone,51
help,51
million,51
comment,50
calling,50
plan,50
harriswalz,50
jd,50
governor,49
musk,49
saying,49
donald,49
hate,49
kid,49
question,49
issue,48
elon,47
job,47
business,47
office,47
war,47
feel,47
truth,47
two,47
taco,47
liar,46
china,46
vice,46
government,46
watch,46
actually,46
oh,46
lot,46
rico,46
voted,45
lol,45
keep,45
big,45
democratic,45
everything,44
next,44
campaign,44
last,43
called,43
trying,43
covid,42
fake,42
around,42
leader,42
usa,42
james,42
medium,41
new,41
free,41
abortion,41
dad,41
economic,40
democracy,40
freedom,40
name,40
already,40
run,40
obama,40
stupid,40
lying,39
wife,39
must,39
since,38
idiot,38
youre,38
debate,38
public,38
without,38
men,38
problem,38
isnt,38
true,38
shes,38
something,37
home,37
clown,37
yes,37
news,36
law,36
rally,36
city,36
father,36
lied,36
human,36
another,36
administration,35
politics,35
economy,35
open,35
live,35
part,35
funny,35
sound,34
seems,34
making,34
little,34
bathroom,34
kind,34
may,33
used,33
answer,33
timmy,33
video,33
citizen,33
bill,33
wrong,33
whole,33
rich,32
wow,32
political,32
try,32
dems,32
control,32
racist,32
class,32
friend,31
face,31
respect,30
leadership,30
full,30
military,30
candidate,30
working,30
theyre,30
nation,30
away,30
fix,30
mr,30
understand,30
team,30
song,30
price,29
else,29
trash,29
joe,29
united,29
ive,29
voter,29
wait,29
matter,29
place,28
politician,28
future,28
getting,28
normal,28
told,28
fun,28
find,28
use,28
wont,28
went,28
supporter,28
car,28
parent,28
entire,27
couldnt,27
dude,27
teacher,27
service,27
together,27
half,27
th,27
na,27
sense,27
proud,27
yet,27
worst,26
maga,26
whats,26
stand,26
communist,26
night,26
crime,26
pay,26
thanks,26
ask,26
b,26
illegal,26
literally,26
eye,26
thought,26
middle,26
fox,26
side,26
swift,26
speak,25
wouldnt,25
line,25
hand,25
read,25
saw,25
liberal,25
bring,25
reason,25
seen,24
health,24
act,24
national,24
turn,24
stage,24
high,24
record,24
hell,24
poor,24
save,24
security,24
stolen,24
food,24
ticket,24
definitely,24
maybe,24
coming,24
interview,24
illegals,24
cbs,24
tucker,23
hear,23
community,23
paid,23
moment,23
gun,23
mouth,23
remember,23
point,23
disgusting,23
choice,23
enough,23
change,23
absolutely,23
mind,23
hard,23
sad,22
young,22
fight,22
history,22
others,22
giving,22
heard,22
id,22
gon,22
girl,22
guess,22
dollar,22
beautiful,22
k,22
using,21
clearly,21
imagine,21
far,21
might,21
brother,21
burn,21
case,21
worse,21
start,21
gu,21
probably,21
smart,21
level,21
today,20
pretty,20
claim,20
instead,20
race,20
truck,20
move,20
head,20
gov,20
mother,20
project,20
immigrant,20
ill,20
watching,20
four,20
wish,20
inflation,20
ago,20
comedian,20
island,20
moderator,20
crowd,19
daughter,19
gas,19
cut,19
age,19
straight,19
wanted,19
latino,19
end,19
ballot,19
long,19
valor,19
alone,19
wasnt,19
baby,19
view,19
hot,19
term,18
top,18
insult,18
pandemic,18
deal,18
door,18
yeah,18
super,18
november,18
wonder,18
value,18
forward,18
power,18
trust,18
difference,18
creepy,18
gave,18
share,18
pick,18
glad,18
buy,18
putting,18
amazing,18
mate,18
sorry,18
past,18
global,18
clear,17
social,17
low,17
student,17
company,17
almost,17
mn,17
stay,17
jail,17
honest,17
truly,17
character,17
dangerous,17
become,17
though,17
story,17
month,17
bunch,17
criminal,17
allowed,17
important,17
rule,17
least,17
billion,17
ok,17
different,17
early,17
looking,17
daddy,17
evil,16
lack,16
second,16
finally,16
rate,16
total,16
hey,16
tims,16
bless,16
etc,16
okay,16
red,16
leave,16
brought,16
week,16
came,16
gwen,16
closet,16
yall,16
education,16
group,16
fan,16
listen,16
awesome,16
nice,16
taking,16
check,16
speaks,16
north,16
immigration,16
carlson,15
attack,15
figure,15
along,15
billionaire,15
telling,15
set,15
male,15
taxpayer,15
fire,15
loser,15
speaker,15
sister,15
disaster,15
born,15
totally,15
served,15
living,15
healthcare,15
tear,15
cry,15
supporting,15
huge,15
research,15
needed,15
especially,15
kamalas,15
system,15
lady,15
interest,15
eat,15
tough,15
youtube,14
mad,14
obvious,14
mic,14
worked,14
crazy,14
happen,14
break,14
vehicle,14
promise,14
peace,14
destroy,14
n,14
heart,14
minneapolis,14
small,14
took,14
piece,14
number,14
throw,14
able,14
coward,14
church,14
laugh,14
course,14
asked,14
ban,14
pathetic,14
cool,14
presidential,14
picked,14
socialist,14
position,14
police,14
afford,14
lost,14
allowing,14
grew,14
speaking,13
including,13
federal,13
waste,13
folk,13
death,13
somebody,13
biggest,13
meant,13
cause,13
except,13
signed,13
failure,13
near,13
double,13
agenda,13
sick,13
hold,13
deep,13
major,13
favorite,13
spoke,13
charge,13
order,13
body,13
behind,13
neighbor,13
damn,13
street,13
drug,13
program,13
chance,13
fraud,13
statement,13
close,13
voice,13
guard,13
genuine,13
perfect,13
thinking,13
result,13
elected,13
cooky,13
play,13
shed,13
aoc,13
whatever,12
however,12
blame,12
personal,12
solution,12
energy,12
wake,12
belief,12
fool,12
continue,12
listening,12
bit,12
explain,12
lord,12
stuff,12
single,12
creep,12
lived,12
disgrace,12
town,12
decision,12
winning,12
given,12
havent,12
college,12
earth,12
square,12
knucklehead,12
fair,12
star,12
walzs,12
career,12
air,12
mention,12
housing,12
higher,12
migrant,12
justice,12
leftist,12
victim,12
idea,12
affordable,12
music,12
ground,12
rican,12
us,11
cost,11
opinion,11
losing,11
hypocrite,11
loss,11
action,11
dead,11
court,11
prison,11
society,11
rhetoric,11
either,11
green,11
hunter,11
ridiculous,11
horrible,11
false,11
division,11
knew,11
combat,11
lead,11
afghanistan,11
forget,11
destroyed,11
gop,11
started,11
congress,11
soul,11
room,11
sweet,11
phony,11
clinton,11
feed,11
attempt,11
wholesome,11
late,11
shame,11
absolute,11
bet,11
hurt,11
benefit,11
hit,11
dumb,11
constitution,11
hasnt,11
generation,11
building,11
concept,11
carolina,11
clip,11
abc,11
moving,10
january,10
felon,10
brain,10
smell,10
weirdo,10
trouble,10
trumpvance,10
aint,10
stopped,10
member,10
welcome,10
fear,10
choose,10
protect,10
send,10
female,10
front,10
serious,10
hearing,10
anymore,10
crap,10
progressive,10
arent,10
rest,10
stood,10
none,10
cringe,10
shirt,10
shouldnt,10
husband,10
agree,10
buck,10
based,10
pride,10
general,10
loved,10
light,10
seeing,10
showed,10
jr,10
lower,10
strong,10
typical,10
doubt,10
standing,10
football,10
bucket,10
area,10
possible,10
israel,10
response,10
grocery,10
weapon,10
socialism,10
stupidest,10
reading,10
cnn,10
zero,10
landfill,10
pr,10
conspiracy,10
bioterrorism,10
cheese,10
interesting,9
ad,9
context,9
individual,9
helped,9
protecting,9
language,9
extreme,9
bot,9
worker,9
happened,9
delusional,9
foreign,9
load,9
moved,9
walk,9
three,9
employee,9
independent,9
letting,9
handle,9
clean,9
poll,9
homeless,9
simple,9
veteran,9
pray,9
cover,9
passed,9
owner,9
daily,9
exactly,9
touch,9
gone,9
le,9
insane,9
religious,9
track,9
according,9
extremely,9
wave,9
disability,9
narrative,9
wonderful,9
sleep,9
damage,9
restroom,9
dnc,9
duo,9
john,9
rfk,9
rock,9
self,9
tv,9
sometimes,9
shell,9
youll,9
county,9
chaos,9
beginning,9
sent,9
complete,9
host,9
david,9
woke,9
innocent,9
book,9
smile,9
post,9
hatred,9
scripted,9
v,9
built,9
propaganda,9
nazi,9
local,9
anti,9
actual,9
lmao,9
secure,9
electric,9
lose,9
ahead,9
dream,9
across,9
moron,9
reality,9
crisis,9
msnbc,9
spice,9
spicy,9
ricans,9
bc,9
game,9
endorsement,9
hiding,8
audience,8
chinese,8
official,8
bias,8
natural,8
spread,8
force,8
simply,8
opponent,8
found,8
movement,8
remark,8
ppl,8
married,8
successful,8
safety,8
hero,8
color,8
channel,8
tariff,8
hour,8
danger,8
everywhere,8
russia,8
fund,8
vision,8
radical,8
ta,8
freak,8
worry,8
thousand,8
loud,8
opportunity,8
nonsense,8
acting,8
pure,8
jesus,8
seriously,8
corrupt,8
concert,8
po,8
allow,8
qualified,8
christian,8
conservative,8
ivf,8
killed,8
son,8
minnesotan,8
main,8
unfortunately,8
easy,8
surgery,8
nobody,8
type,8
land,8
worried,8
camera,8
medical,8
prepared,8
tired,8
midwestern,8
shower,8
suck,8
integrity,8
changed,8
legal,8
taken,8
presidency,8
senior,8
beyond,8
highly,8
offer,8
ohio,8
mom,8
dictator,8
excited,8
provide,8
worth,8
example,8
referring,8
bidenharris,8
correct,8
picking,8
timpon,8
spending,8
california,8
r,8
honestly,8
decent,8
within,8
press,8
international,8
dislike,8
tony,8
buying,8
crypto,8
affair,7
mandate,7
worldwide,7
blaming,7
failed,7
unemployment,7
market,7
looked,7
couch,7
yr,7
j,7
flag,7
sell,7
inside,7
tool,7
elmer,7
involved,7
sign,7
fighting,7
drive,7
fine,7
quite,7
killing,7
insulting,7
tie,7
selling,7
mile,7
excuse,7
wall,7
increased,7
property,7
snitch,7
celebrity,7
debt,7
fired,7
hilarious,7
whose,7
lucky,7
spent,7
educated,7
hunger,7
sitting,7
rent,7
suffering,7
dying,7
card,7
common,7
tiananmen,7
wheres,7
mike,7
fall,7
terrorist,7
enemy,7
plus,7
treatment,7
pull,7
admit,7
appreciate,7
meanwhile,7
desperately,7
showing,7
decide,7
compare,7
sanctuary,7
driver,7
pushed,7
scary,7
vet,7
army,7
multiple,7
promised,7
fit,7
endorsed,7
childrens,7
afraid,7
strategy,7
lunch,7
chose,7
trans,7
demon,7
barack,7
morning,7
weve,7
zone,7
raised,7
kept,7
watched,7
weak,7
sit,7
empty,7
pushing,7
rank,7
chosen,7
refreshing,7
homosexual,7
till,7
bag,7
choosing,7
created,7
experience,7
deserve,7
table,7
master,7
minute,7
page,7
tried,7
push,7
outlet,7
pennsylvania,7
hair,7
intelligent,7
boring,7
biased,7
violent,7
orange,7
couple,7
asking,7
sir,7
evidence,7
bidens,7
consider,7
dear,7
event,7
shit,7
unity,7
network,7
scout,7
milwaukee,7
putin,7
rigged,7
beef,7
queen,6
mentioned,6
recently,6
source,6
measure,6
vaccine,6
expert,6
due,6
internet,6
broke,6
threat,6
information,6
guilty,6
middleclass,6
poverty,6
mirror,6
laughing,6
tape,6
tesla,6
bible,6
outside,6
donold,6
nearly,6
fascist,6
hired,6
fail,6
deserves,6
versus,6
nd,6
grade,6
missed,6
serve,6
currently,6
bull,6
younger,6
minority,6
flagstaff,6
notice,6
posted,6
effort,6
yesterday,6
behavior,6
completely,6
arizona,6
facing,6
ignorant,6
fed,6
p,6
f,6
bread,6
appeal,6
message,6
wrote,6
talked,6
die,6
slur,6
primary,6
southern,6
mess,6
actor,6
wearing,6
st,6
machine,6
puppet,6
driving,6
approach,6
capacity,6
meeting,6
lawsuit,6
safe,6
despite,6
faith,6
gender,6
add,6
purpose,6
separation,6
pretending,6
wear,6
nonsensical,6
ruined,6
rather,6
match,6
create,6
riot,6
vibe,6
alien,6
omg,6
loose,6
nebraska,6
fellow,6
relatable,6
mvp,6
hitler,6
staff,6
retired,6
command,6
decade,6
known,6
breath,6
helping,6
understanding,6
seem,6
bully,6
role,6
loving,6
fantastic,6
sadly,6
grow,6
enjoy,6
bar,6
platform,6
conversation,6
african,6
unit,6
south,6
brown,6
noticed,6
episode,6
played,6
hole,6
lier,6
birth,6
learning,6
likely,6
musician,6
funding,6
burning,6
donut,6
struggle,6
farmer,6
sane,6
related,6
hahaha,6
dish,6
hotdish,6
turned,6
basically,6
missing,6
becoming,6
ai,6
hurricane,6
whitehouse,6
agency,6
appears,6
traitor,6
korea,6
cartel,6
mcdonalds,6
decency,6
sex,6
cream,6
proper,6
equal,6
jealous,6
represent,6
embarrassment,6
spoken,6
marxist,6
spend,6
soooo,6
germany,6
soldier,6
blessing,6
shapiro,6
salad,6
racism,6
angry,6
elite,6
freaking,6
step,6
knowing,6
wealthy,6
adversary,6
management,6
growth,6
hardship,6
represents,6
pepper,6
meaning,6
dog,6
comedy,6
misinformation,6
everyday,6
cheap,6
manual,6
reporting,6
shadow,6
endorsing,6
mexico,6
raise,6
asheville,6
mayo,6
seasoning,6
youve,5
ignore,5
reach,5
possibly,5
consequence,5
leading,5
senator,5
regular,5
sentence,5
theyve,5
lately,5
period,5
content,5
advice,5
wallet,5
phrase,5
exercise,5
letter,5
werent,5
immediately,5
embarrassing,5
anybody,5
bought,5
owned,5
store,5
michigan,5
smarter,5
round,5
diddy,5
alive,5
humble,5
paying,5
constitutional,5
iq,5
massive,5
supposed,5
toilet,5
reminds,5
greatest,5
older,5
intelligence,5
resident,5
partisan,5
comfortable,5
third,5
admin,5
released,5
hubby,5
lifetime,5
sickening,5
muslim,5
king,5
hide,5
meat,5
build,5
photo,5
desperate,5
gate,5
forgot,5
population,5
highest,5
final,5
seek,5
situation,5
mercy,5
sake,5
wtf,5
proof,5
besides,5
throwing,5
style,5
reform,5
hillary,5
walking,5
profanity,5
regarding,5
dismissed,5
whether,5
standard,5
longer,5
honor,5
disrespect,5
tho,5
terrible,5
infertility,5
rid,5
agrees,5
sight,5
willing,5
reproductive,5
incompetence,5
gotten,5
opposite,5
special,5
gentleman,5
luck,5
smh,5
podcast,5
kelly,5
underestimate,5
recipe,5
prime,5
inspiring,5
jan,5
ran,5
reaction,5
hall,5
image,5
surprised,5
attention,5
interaction,5
realize,5
michelle,5
mostly,5
player,5
ready,5
majority,5
yea,5
planet,5
wanting,5
argument,5
pretend,5
projecting,5
transgender,5
wan,5
hopefully,5
animal,5
mark,5
joined,5
otherwise,5
stimpy,5
advertisement,5
famous,5
chris,5
camp,5
several,5
hello,5
nature,5
large,5
everybody,5
meal,5
officer,5
drunk,5
sympathy,5
taught,5
agent,5
convention,5
certainly,5
cat,5
shot,5
online,5
vile,5
attacked,5
note,5
surely,5
barely,5
lovely,5
incredible,5
shop,5
commit,5
average,5
slap,5
german,5
burned,5
admitted,5
shortage,5
committed,5
ability,5
data,5
bottom,5
horse,5
mandatory,5
monster,5
blah,5
protest,5
toward,5
kick,5
despicable,5
ice,5
wisdom,5
holding,5
canada,5
compared,5
liked,5
proudly,5
ball,5
asian,5
coverage,5
personally,5
dinner,5
communism,5
ideology,5
ignorance,5
uncle,5
playing,5
hateful,5
broadcast,5
skill,5
pas,5
humor,5
towards,5
genocide,5
soon,5
feeling,5
teleprompter,5
basic,5
principle,5
allows,5
base,5
springfield,5
scientist,5
hispanic,5
often,5
ally,5
manipulated,5
definition,5
hinchcliffe,5
income,5
mass,5
cruise,5
fixing,5
buddy,5
registered,5
drop,5
form,5
jt,5
nyc,5
replace,5
nc,5
board,5
checked,5
rachel,5
roe,5
trap,5
accidentally,5
tuna,5
journalist,5
ezra,5
laughed,4
unbelievable,4
tongue,4
lgbtq,4
virus,4
quick,4
restriction,4
task,4
issued,4
operation,4
lockdown,4
concern,4
impact,4
divisive,4
comparison,4
focus,4
expected,4
direct,4
recession,4
wage,4
stock,4
alarm,4
bridge,4
shoe,4
battle,4
blown,4
incompetent,4
texas,4
shotgun,4
waiting,4
unfit,4
dress,4
eating,4
drink,4
corporate,4
donor,4
opened,4
sharing,4
string,4
hopeful,4
kill,4
dementia,4
nerve,4
ride,4
wet,4
dope,4
anywhere,4
abort,4
added,4
moral,4
volunteer,4
undecided,4
felt,4
meet,4
sheep,4
congressional,4
til,4
guest,4
gang,4
forgotten,4
blm,4
background,4
knocking,4
commitment,4
terrorism,4
tom,4
sending,4
youd,4
arrested,4
treason,4
knocked,4
beer,4
servant,4
dem,4
dropped,4
af,4
forbid,4
achievement,4
tryna,4
heritage,4
former,4
felony,4
millionaire,4
flow,4
elementary,4
neighborhood,4
decided,4
shooter,4
allegation,4
investigation,4
executive,4
announced,4
regardless,4
unacceptable,4
directly,4
immunity,4
align,4
earlier,4
supreme,4
requirement,4
seat,4
cash,4
minor,4
october,4
affect,4
fentanyl,4
teach,4
walnut,4
murdered,4
gift,4
compassion,4
adult,4
performed,4
emotional,4
address,4
dc,4
ugly,4
huh,4
east,4
mankato,4
exchange,4
native,4
offered,4
vicepresident,4
listened,4
length,4
grandfather,4
locker,4
weirdest,4
positive,4
version,4
fresh,4
anger,4
ccp,4
cried,4
earned,4
industry,4
differently,4
authentic,4
dignity,4
ugh,4
hug,4
conference,4
index,4
bigger,4
chicken,4
district,4
died,4
compassionate,4
assistant,4
forced,4
teaching,4
offended,4
feminine,4
homophobia,4
shameful,4
report,4
san,4
plenty,4
compliment,4
defend,4
protection,4
africa,4
obviously,4
ren,4
stimpys,4
written,4
cartoon,4
movie,4
quote,4
singing,4
kudos,4
belongs,4
road,4
attorney,4
material,4
commie,4
bail,4
list,4
strange,4
starting,4
filled,4
pointing,4
pat,4
repeated,4
popular,4
upon,4
mine,4
politically,4
apology,4
spectrum,4
outcome,4
powerful,4
impressive,4
restaurant,4
campaigning,4
balanced,4
slander,4
w,4
cia,4
nasty,4
loan,4
washington,4
supported,4
defunding,4
became,4
forgive,4
consent,4
brainwashed,4
favor,4
providing,4
commentary,4
cared,4
drag,4
pocket,4
staged,4
water,4
idk,4
fema,4
secret,4
doj,4
censorship,4
incredibly,4
medicare,4
stream,4
target,4
arm,4
relative,4
sport,4
present,4
signing,4
license,4
degree,4
corruption,4
nail,4
hypocrisy,4
elect,4
stick,4
deport,4
penny,4
peggy,4
yard,4
sgt,4
bringing,4
fkh,4
citizenship,4
budget,4
cheer,4
learn,4
senate,4
cackle,4
failing,4
importance,4
follower,4
jewish,4
happening,4
mob,4
catch,4
shut,4
sht,4
deplorable,4
brings,4
cult,4
bos,4
gosh,4
misguided,4
severe,4
raising,4
regulation,4
advantage,4
handling,4
trade,4
wide,4
neither,4
claiming,4
aside,4
crossing,4
ukraine,4
lowest,4
flip,4
risk,4
carefully,4
witch,4
rep,4
winner,4
considering,4
victory,4
shared,4
violence,4
consumer,4
divide,4
disrespectful,4
environmental,4
percent,4
disparaging,4
minded,4
follow,4
website,4
date,4
february,4
solid,4
department,4
cleaning,4
msg,4
joking,4
djt,4
min,4
effect,4
nut,4
carried,4
tapper,4
sanity,4
potus,4
arrest,4
landslide,4
discussion,4
opposition,4
box,4
cast,4
desi,4
disinformation,4
accused,4
declare,4
x,4
floor,4
non,4
survive,4
polling,4
govt,4
scotus,4
federation,4
associate,4
briefing,4
visit,4
flavor,4
sour,4
hating,3
finish,3
florida,3
cheney,3
brainwashing,3
cmon,3
nowhere,3
equality,3
distancing,3
travel,3
slow,3
specific,3
led,3
unfair,3
unprecedented,3
largely,3
shutdown,3
convicted,3
sexual,3
assault,3
homophobic,3
globe,3
gallon,3
saving,3
met,3
safepal,3
usdt,3
seed,3
fetch,3
churn,3
clerk,3
crater,3
transferring,3
binance,3
corrected,3
locked,3
candy,3
ashamed,3
dumbest,3
chip,3
climb,3
whoopi,3
lock,3
lip,3
halloween,3
fudd,3
goodness,3
stated,3
fell,3
swear,3
valuable,3
leg,3
required,3
draft,3
suppose,3
vances,3
union,3
accomplish,3
shocked,3
entitled,3
interested,3
donate,3
negative,3
hoping,3
snow,3
blind,3
representative,3
btw,3
wednesday,3
whoever,3
hundred,3
heel,3
msm,3
sunday,3
perspective,3
avoid,3
tuesday,3
attitude,3
preserve,3
direction,3
wierd,3
fly,3
opening,3
destructive,3
governing,3
steal,3
deficit,3
nixon,3
stunt,3
honey,3
nevada,3
curse,3
disease,3
option,3
knee,3
sufficient,3
disposer,3
muhammad,3
strength,3
cheating,3
delay,3
doug,3
murder,3
massacre,3
spreading,3
ex,3
h,3
culture,3
sooo,3
rural,3
yep,3
welfare,3
window,3
pack,3
pervert,3
urge,3
negotiated,3
operate,3
entirely,3
trial,3
exemption,3
jew,3
reluctantly,3
ruled,3
similar,3
university,3
educate,3
hunting,3
scrap,3
reasonable,3
cute,3
flood,3
ring,3
flaw,3
return,3
mentally,3
granddaughter,3
honesty,3
barron,3
criticizing,3
display,3
exact,3
trained,3
eric,3
weakness,3
continued,3
rioter,3
authority,3
medication,3
mocking,3
bullying,3
permission,3
accessible,3
coaching,3
chamber,3
west,3
inappropriate,3
contact,3
hence,3
safer,3
chant,3
nominee,3
blood,3
dispenser,3
september,3
entering,3
arena,3
compulsive,3
dam,3
jones,3
badly,3
claimed,3
activity,3
deeply,3
essence,3
screen,3
hairspray,3
posting,3
plastic,3
ease,3
ca,3
connection,3
retirement,3
spit,3
suddenly,3
creation,3
wh,3
shoot,3
hed,3
gaslighting,3
idiotic,3
demeanor,3
considered,3
seemed,3
focused,3
cutting,3
ironic,3
touchdown,3
fucking,3
explains,3
accepting,3
tolerant,3
join,3
beast,3
enter,3
season,3
composed,3
lyric,3
included,3
saturday,3
happily,3
six,3
throughout,3
pet,3
pal,3
grandmother,3
mix,3
roast,3
park,3
awkward,3
proved,3
threw,3
disappointed,3
duty,3
disregard,3
field,3
test,3
upside,3
crash,3
dishonest,3
enforcement,3
encouraging,3
react,3
pharma,3
uk,3
minding,3
addressed,3
podium,3
cheering,3
later,3
cross,3
sort,3
learned,3
deleted,3
original,3
roth,3
breathe,3
likeable,3
sold,3
excellent,3
minn,3
cookie,3
marthas,3
ultimate,3
qualify,3
repeatedly,3
peter,3
liers,3
tater,3
tot,3
turkey,3
site,3
fry,3
scumbag,3
warm,3
unlike,3
hmmm,3
tiny,3
caught,3
economics,3
moderate,3
farley,3
unvetted,3
collected,3
recording,3
supply,3
nine,3
remove,3
odd,3
iraq,3
stealing,3
kennedy,3
cop,3
quit,3
continues,3
uber,3
slogan,3
mocked,3
singapore,3
dealing,3
everyones,3
friendly,3
current,3
leaving,3
defund,3
hire,3
awolz,3
spew,3
particular,3
repeating,3
accomplished,3
credit,3
vulnerability,3
regime,3
reverse,3
netanyahu,3
picture,3
proven,3
science,3
received,3
french,3
clueless,3
scared,3
convince,3
bartender,3
messy,3
practice,3
golf,3
sinking,3
surplus,3
useless,3
boycott,3
mayor,3
elons,3
decides,3
engine,3
beach,3
nov,3
harm,3
testing,3
classy,3
thus,3
visited,3
perhaps,3
insurance,3
usual,3
embarrass,3
pig,3
bigot,3
wouldve,3
potato,3
likable,3
per,3
paper,3
backwards,3
constantly,3
grate,3
ted,3
witnessed,3
volume,3
brilliant,3
ireland,3
harder,3
reply,3
ect,3
kinda,3
award,3
document,3
caring,3
humanity,3
hotline,3
deployed,3
garden,3
yale,3
approximately,3
kkk,3
slave,3
cake,3
van,3
spin,3
verbal,3
patient,3
asylum,3
harriswaltz,3
kampala,3
contrast,3
bright,3
pandering,3
figured,3
petty,3
concerning,3
donnie,3
write,3
haha,3
makeup,3
pot,3
projection,3
adding,3
em,3
gesture,3
darn,3
treat,3
repeat,3
rhe,3
divided,3
rip,3
palestinian,3
relax,3
lye,3
butt,3
goal,3
intended,3
lunatic,3
mental,3
substantial,3
genuinely,3
charisma,3
circus,3
jerk,3
inability,3
environment,3
undermine,3
unqualified,3
complex,3
superficial,3
influence,3
ineffective,3
potential,3
saved,3
charismatic,3
expect,3
fella,3
drilling,3
oil,3
pricesno,3
short,3
abnormal,3
loses,3
ended,3
sarcasm,3
nauseating,3
diversity,3
professor,3
ratio,3
march,3
accountability,3
amendment,3
spirit,3
anyway,3
annual,3
contest,3
curious,3
progress,3
becomes,3
toxic,3
wolf,3
increase,3
theyd,3
copy,3
birthday,3
destruction,3
wade,3
tire,3
spoiled,3
soap,3
opera,3
easily,3
watermelon,3
civil,3
root,3
venue,3
representing,3
tourism,3
usually,3
intentionally,3
cruz,3
virgin,3
clue,3
unhinged,3
industrial,3
literal,3
fault,3
vietnam,3
pa,3
outrage,3
covered,3
mistake,3
flipping,3
bailed,3
praying,3
nope,3
mentioning,3
launched,3
apart,3
personality,3
prosperity,3
manner,3
earn,3
draconian,3
pedophile,3
disney,3
western,3
novel,3
wing,3
prop,3
gasoline,3
angeles,3
g,3
hidden,3
convinced,3
theory,3
cultural,3
criticized,3
warning,3
fabulous,3
endless,3
bush,3
trillion,3
counted,3
pls,3
fascism,3
civilian,3
medicine,3
band,3
georgia,3
corn,3
madam,3
causing,3
jab,3
ego,3
hows,3
predator,3
wipe,3
fought,3
unite,3
devil,3
overseas,3
ah,3
ana,3
navarro,3
miserable,3
assassination,3
talent,3
warns,3
grand,3
prix,3
bizarre,3
vanguard,3
following,3
feeding,3
york,3
awful,3
manufacturing,3
growing,3
turnout,3
playbook,3
preparing,3
bye,3
detail,3
searching,3
exposed,3
horrendous,3
leadsitems,3
wuhan,3
johnson,3
deplorables,3
solve,3
embarrassed,3
hamburger,3
momma,3
taste,3
headline,3
mayonnaise,3
heat,3
apartment,3
roll,3
swifties,3
nyt,3
zoo,3
liz,2
pointed,2
happens,2
hears,2
labeling,2
highlight,2
recognize,2
originated,2
guideline,2
established,2
provided,2
mask,2
affected,2
constant,2
addressing,2
reflects,2
discourse,2
burger,2
lgbt,2
lesbian,2
slandering,2
dozen,2
slip,2
bro,2
pro,2
closer,2
jumping,2
bulk,2
greedy,2
coz,2
bankrupt,2
ohh,2
rear,2
oprah,2
viva,2
stair,2
climbed,2
wrabbit,2
sanitation,2
pie,2
pelosi,2
overtime,2
richer,2
cabinet,2
refuse,2
endorse,2
closely,2
difficult,2
offtopic,2
applause,2
inspiration,2
strengthen,2
reject,2
commander,2
chief,2
armed,2
ie,2
requires,2
paycheck,2
kicked,2
admire,2
dumpster,2
dumber,2
necessary,2
creator,2
disagree,2
trustworthy,2
awake,2
careful,2
az,2
gen,2
z,2
masculinity,2
observation,2
register,2
tenure,2
trickle,2
indeed,2
threatening,2
insurrection,2
sat,2
stump,2
sheet,2
rebuilt,2
warms,2
deb,2
haaland,2
albuquerque,2
contributed,2
edited,2
ridiculously,2
microphone,2
firing,2
tomorrow,2
counting,2
governance,2
nonamerican,2
remain,2
patriot,2
account,2
op,2
dishonor,2
theyll,2
somehow,2
regan,2
bankruptcy,2
allegedly,2
asset,2
richard,2
exploding,2
marble,2
fame,2
begin,2
controlled,2
succeed,2
restore,2
glory,2
rise,2
knock,2
promoting,2
properly,2
slam,2
distress,2
loaf,2
satisfy,2
righteous,2
subservient,2
reward,2
displaced,2
almighty,2
beg,2
mighty,2
yemeni,2
deadline,2
circumstance,2
heaven,2
closed,2
refuge,2
humiliate,2
c,2
religion,2
carbon,2
disingenuous,2
bloody,2
moo,2
guaranteed,2
troop,2
grown,2
dragged,2
dealer,2
gangster,2
nightmare,2
clothes,2
flannel,2
worrying,2
clothing,2
thru,2
crush,2
choir,2
director,2
lover,2
relate,2
ear,2
beard,2
broken,2
identity,2
twice,2
molested,2
determined,2
lutheran,2
resume,2
infringed,2
filed,2
assembly,2
denying,2
traditional,2
attend,2
refused,2
pressure,2
hiring,2
exists,2
touched,2
relationship,2
fertility,2
rape,2
surprise,2
pregnancy,2
priceless,2
heartstrings,2
pulling,2
rnc,2
tidal,2
wondered,2
bond,2
acknowledge,2
annoying,2
demand,2
owes,2
caused,2
physically,2
bravo,2
legislation,2
confused,2
inadequacy,2
fireman,2
aka,2
foot,2
responsible,2
stomach,2
twin,2
transvestite,2
followup,2
wiping,2
clarify,2
stuck,2
constellation,2
ell,2
entrance,2
tone,2
adolf,2
tier,2
denounce,2
sergeant,2
bed,2
usaa,2
balz,2
hysterical,2
dedicated,2
shamelessly,2
rebate,2
trip,2
capital,2
presence,2
named,2
outstanding,2
bear,2
jumped,2
weekend,2
summer,2
wore,2
conflict,2
technology,2
ought,2
express,2
treated,2
leash,2
embrace,2
inevitably,2
upset,2
anxiety,2
tolerate,2
finger,2
smiling,2
rein,2
acceptance,2
va,2
championship,2
wind,2
lone,2
ranger,2
dig,2
epic,2
brand,2
bragging,2
size,2
tale,2
tc,2
sayin,2
behave,2
effeminate,2
activism,2
accusation,2
hyper,2
goon,2
perform,2
backlash,2
hillbilly,2
sole,2
francisco,2
backing,2
underneath,2
chomo,2
limp,2
alpha,2
molester,2
graham,2
deviant,2
dei,2
inept,2
exudes,2
league,2
bone,2
roy,2
cohn,2
mommy,2
offense,2
bloke,2
staunch,2
jackson,2
cuz,2
banning,2
banishing,2
wiki,2
invention,2
rated,2
wax,2
album,2
bob,2
sang,2
madness,2
guide,2
sung,2
stinky,2
script,2
burl,2
ives,2
reference,2
occasionally,2
egg,2
bumble,2
bee,2
gut,2
sleepy,2
savage,2
dare,2
rd,2
suffer,2
alot,2
evolved,2
shape,2
injured,2
intoxicated,2
bogus,2
instruction,2
draw,2
limit,2
bac,2
centered,2
sympathizer,2
finance,2
struck,2
hospital,2
looted,2
comrade,2
morale,2
mantra,2
ratting,2
hahahaha,2
hungry,2
celebrating,2
emotion,2
useful,2
neighborly,2
elderly,2
swing,2
universe,2
damned,2
communicator,2
impressed,2
difficulty,2
rose,2
clapping,2
slightly,2
recognized,2
sob,2
understatement,2
posturing,2
manufactured,2
cockroach,2
teenage,2
acceptable,2
cowardly,2
beta,2
glimpse,2
substance,2
constituent,2
fallen,2
select,2
ope,2
interact,2
resembles,2
barn,2
segment,2
yanked,2
onto,2
ideal,2
existing,2
cheat,2
l,2
congratulation,2
continuously,2
gain,2
weinstein,2
chocolate,2
lazy,2
utterly,2
disgusted,2
fr,2
butter,2
wannabe,2
embodies,2
sycophant,2
merit,2
worthy,2
prove,2
oaf,2
micro,2
fully,2
mountain,2
clay,2
artist,2
denied,2
wsj,2
twilight,2
legend,2
began,2
retiring,2
killer,2
commuted,2
random,2
philadelphia,2
changing,2
attacking,2
bribe,2
revealed,2
comrad,2
soviet,2
somewhere,2
ethical,2
meletare,2
ethiopia,2
thay,2
jam,2
carry,2
brighter,2
chair,2
laughable,2
shown,2
shake,2
damaged,2
deciding,2
cousin,2
dry,2
orgs,2
ensure,2
woo,2
censoring,2
censored,2
newspaper,2
itll,2
opposing,2
viewership,2
redirect,2
aspergers,2
syndrome,2
critical,2
handicapped,2
monkey,2
wakeup,2
islamic,2
formed,2
latin,2
organized,2
suggest,2
chase,2
singlehandedly,2
banned,2
bus,2
appearance,2
mannerism,2
washed,2
scamala,2
bio,2
irish,2
station,2
trophy,2
cooking,2
hat,2
monday,2
magats,2
underwear,2
electoral,2
rambling,2
closing,2
ramble,2
antiamerican,2
sky,2
titanic,2
handed,2
wasted,2
pete,2
annually,2
xi,2
accuse,2
kiss,2
prominent,2
net,2
boot,2
ev,2
combustion,2
lobbying,2
smartest,2
govener,2
parked,2
amusing,2
epstein,2
gofundme,2
foolish,2
drove,2
bum,2
mock,2
grandparent,2
thinker,2
lawyer,2
worthless,2
feckless,2
stutter,2
infiltrated,2
hater,2
legacy,2
goofy,2
struggling,2
throat,2
scholarship,2
india,2
grounded,2
cold,2
gott,2
inch,2
five,2
donation,2
lit,2
chicago,2
rump,2
performance,2
greeting,2
bedroom,2
lemming,2
foundation,2
hardly,2
platitude,2
backyard,2
carrying,2
bash,2
spews,2
europe,2
stole,2
grant,2
fruit,2
tree,2
um,2
accepted,2
joyful,2
partner,2
freed,2
gi,2
abused,2
cycle,2
gross,2
bubble,2
blatant,2
removed,2
pound,2
flash,2
chameleon,2
finest,2
suffered,2
delusion,2
model,2
cognitive,2
bigotry,2
pathological,2
nutcase,2
sec,2
stark,2
shredded,2
lefty,2
instill,2
connect,2
apparently,2
ass,2
clap,2
stupidity,2
topic,2
hollywood,2
rockstar,2
permanent,2
toddler,2
inflatable,2
costume,2
kettle,2
drumpf,2
facial,2
prof,2
dancing,2
heavy,2
uneducated,2
assistance,2
assume,2
upper,2
accordion,2
el,2
facility,2
dummy,2
jim,2
coal,2
diabolical,2
bibi,2
phone,2
stress,2
whow,2
stooge,2
assuming,2
bernie,2
masterclass,2
truthful,2
hungary,2
tender,2
disastrous,2
thrilled,2
inexperience,2
creating,2
driven,2
stifle,2
instability,2
investment,2
exploit,2
ensuing,2
advance,2
strategic,2
effective,2
financial,2
deeper,2
balance,2
rival,2
potentially,2
perception,2
attractive,2
competent,2
evident,2
conclusion,2
delighted,2
navy,2
defeated,2
orator,2
kenya,2
authenticity,2
prayer,2
spell,2
rag,2
unwanted,2
ordered,2
rat,2
mutilating,2
snopes,2
flipflop,2
offshore,2
intention,2
payment,2
harristim,2
utility,2
brink,2
judicial,2
gentle,2
nervous,2
taiwan,2
condescending,2
forgiveness,2
fundraiser,2
ate,2
gem,2
forever,2
wheel,2
salvation,2
mo,2
indonesia,2
favour,2
exam,2
approval,2
roasting,2
heck,2
discus,2
prioritized,2
hardworking,2
innovation,2
moreover,2
prioritizing,2
ensuring,2
rising,2
tide,2
advocating,2
stability,2
historic,2
firm,2
empower,2
core,2
determination,2
promote,2
prosperous,2
securing,2
bevelyn,2
beatty,2
williams,2
pedos,2
spout,2
delegation,2
row,2
author,2
associated,2
published,2
pm,2
cdt,2
bacon,2
declared,2
tight,2
softball,2
creative,2
editing,2
thrown,2
pave,2
diverse,2
usher,2
inclusivity,2
prospect,2
actively,2
sue,2
flying,2
trail,2
dropping,2
decrease,2
guarantee,2
miss,2
challenge,2
madison,2
reparation,2
andrew,2
ye,2
flame,2
hoot,2
prosecuted,2
max,2
specially,2
virtue,2
operating,2
disposal,2
relocate,2
regard,2
trashed,2
detroit,2
pawn,2
trumpism,2
jill,2
facist,2
accountable,2
furthermore,2
snap,2
hitchcliff,2
enabled,2
yearly,2
puertorican,2
relies,2
mindset,2
trend,2
sounded,2
appealing,2
formula,2
maintain,2
success,2
behalf,2
incident,2
apologize,2
title,2
sarah,2
tarantino,2
stating,2
ancestor,2
disturbing,2
reproduction,2
expansion,2
mexican,2
breakfast,2
floating,2
float,2
miller,2
unless,2
dark,2
atrocious,2
disgust,2
shine,2
visible,2
tweet,2
haitian,2
arab,2
fourth,2
tampontim,2
tactic,2
concise,2
newsome,2
hus,2
waving,2
noone,2
basket,2
ol,2
milk,2
chef,2
falling,2
dis,2
orwellian,2
screwed,2
holy,2
pair,2
fightusdt,2
degrade,2
reassignment,2
sniffing,2
pointless,2
capitol,2
vocabulary,2
pop,2
fiscal,2
undying,2
broadcasting,2
cackling,2
indicted,2
warrant,2
fled,2
encouraged,2
illegally,2
catching,2
pulled,2
dirt,2
guzzler,2
hi,2
vicepresidential,2
filter,2
saturating,2
boat,2
lest,2
nickname,2
aww,2
text,2
flooded,2
silly,2
description,2
boyfriend,2
glass,2
improved,2
magas,2
paint,2
switched,2
shove,2
undertone,2
grooming,2
mild,2
lydic,2
atlanta,2
writes,2
nurse,2
visiting,2
dividing,2
rickles,2
prevent,2
seattle,2
brad,2
fence,2
pump,2
accepts,2
rupert,2
murdoch,2
viewer,2
commentator,2
stoking,2
unrest,2
entertainment,2
responsibility,2
hannity,2
trading,2
puppeteer,2
genius,2
ultra,2
believer,2
junior,2
reagan,2
socalled,2
convincing,2
universal,2
pant,2
australia,2
russian,2
traffic,2
vacation,2
invaded,2
amen,2
bruce,2
tune,2
deluded,2
minion,2
tina,2
harmony,2
hardest,2
lt,2
superintendent,2
simon,2
skilled,2
cello,2
beautifully,2
joni,2
conman,2
falsehood,2
yay,2
lethal,2
remembering,2
bushel,2
coalition,2
link,2
northern,2
demolished,2
outrageous,2
professional,2
tend,2
private,2
feeble,2
judiciary,2
judge,2
calm,2
revenge,2
crew,2
expensive,2
waited,2
praise,2
dt,2
smaller,2
analysis,2
warmonger,2
smoked,2
impossible,2
cleaned,2
gaslight,2
rehearsed,2
celebrate,2
brutal,2
distract,2
establishment,2
limitation,2
unbiased,2
conviction,2
ww,2
yuck,2
faced,2
unify,2
ussr,2
charity,2
michael,2
numberand,2
od,2
minnosota,2
gabby,2
traveled,2
tw,2
qualification,2
carnival,2
mccain,2
wisconsin,2
stake,2
favourite,2
tolerance,2
coates,2
lid,2
aired,2
interviewer,2
delaware,2
vermin,2
proposal,2
gaffe,2
laptop,2
repulsive,2
texan,2
founded,2
willie,2
complain,2
weaponized,2
screaming,2
innocence,2
count,2
joker,2
terrifying,2
diddys,2
spewing,2
doom,2
migration,2
key,2
botched,2
weirder,2
darkness,2
blueer,2
backed,2
havnt,2
irony,2
wreard,2
louder,2
rogan,2
inperson,2
q,2
extending,2
streak,2
economist,2
gdp,2
halt,2
overturned,2
dobbs,2
overseeing,2
slashing,2
cdc,2
reexamine,2
hike,2
worsen,2
offset,2
instinct,2
corporation,2
shock,2
trumpwe,2
stronger,2
endure,2
brandon,2
demorats,2
emphatic,2
absurd,2
fbi,2
knowledge,2
bioterrorist,2
classified,2
masterminded,2
outbreak,2
investigate,2
obamacare,2
priority,2
planning,2
deportation,2
chuckle,2
kitchen,2
bin,2
devastated,2
boom,2
realized,2
quiet,2
kam,2
apple,2
walkbacks,2
clipped,2
algorithm,2
respectful,2
fabricated,2
ohhh,2
cliche,2
extent,2
rice,2
combined,2
demoncrats,2
rumor,2
weave,2
roosevelt,2
flavour,2
irrelevant,2
curry,2
avocado,2
makin,2
bell,2
whate,2
tomato,2
rethinking,2
salsa,2
blatantly,2
cantaloupe,2
minus,2
mule,2
deporting,2
equivalent,2
cent,2
complaining,2
bodied,2
smooth,2
fjb,2
keeping,2
sander,2
visa,2
medias,2
statistic,2
madcow,2
train,2
psycho,2
insanity,2
dah,2
influenced,2
biological,2
journalism,2
duck,2
filthy,2
fest,2
burisma,2
amber,2
thurman,2
demeaning,2
ny,2
ccps,2
ship,2
comic,2
klein,2
traded,2
blunder,2
wrestling,2
champion,2
fee,2
haaaaá,2
entertaining,2
crooked,2
sens,1
mispoke,1
misogynist,1
scream,1
crucify,1
desantis,1
hominem,1
trumpies,1
rifle,1
cancelled,1
laughingsuch,1
selfawareness,1
tied,1
responds,1
comical,1
ooooooohh,1
boyy,1
jenna,1
wang,1
disqualified,1
diminish,1
undermines,1
attributing,1
crucial,1
lab,1
impacted,1
dr,1
fauci,1
advised,1
maskwearing,1
contain,1
implemented,1
globally,1
recap,1
warp,1
speed,1
initiative,1
accelerate,1
development,1
pfizerbiontech,1
moderna,1
relief,1
package,1
lessen,1
toll,1
resisted,1
citing,1
tension,1
advocated,1
stricter,1
aimed,1
disappointing,1
namecalling,1
respectfully,1
professionalism,1
accomplishes,1
unproductive,1
blowing,1
awaiting,1
accusing,1
wedding,1
mar,1
lago,1
bidan,1
uberwealthy,1
oligarchy,1
muskthiel,1
pangamic,1
producing,1
consuming,1
sexuality,1
inclusion,1
handout,1
riled,1
ffs,1
fitjust,1
reduced,1
playground,1
messed,1
proportion,1
doorbet,1
gunafter,1
tp,1
principal,1
mg,1
swamp,1
mouthing,1
markup,1
relabel,1
jennifer,1
lopez,1
padlock,1
flight,1
tripping,1
stubby,1
warned,1
stash,1
hated,1
squeal,1
dribble,1
selfemployed,1
handselected,1
authoritarian,1
cuss,1
attached,1
smattering,1
grievance,1
stepped,1
selective,1
discriminate,1
drafted,1
classroom,1
onset,1
oversees,1
wisely,1
bezos,1
mc,1
donalds,1
unclog,1
semi,1
doorhandle,1
trumpworld,1
kackles,1
searched,1
lowto,1
herselfand,1
fuddsorry,1
creeping,1
crud,1
vain,1
ninja,1
trolled,1
foo,1
mastectomy,1
puberty,1
blocker,1
foos,1
perversion,1
phoenix,1
waltzhe,1
statetoo,1
topping,1
distinct,1
attract,1
complacent,1
andor,1
demented,1
walzwe,1
harrison,1
ford,1
doughter,1
neiborhood,1
follwers,1
column,1
unaccomplished,1
taliban,1
isi,1
execution,1
evaluated,1
terasoff,1
placed,1
criterion,1
esp,1
sodan,1
wen,1
navajo,1
harriswalts,1
stronghest,1
shatter,1
addicted,1
jonathan,1
nez,1
intro,1
icymi,1
simulated,1
bj,1
latest,1
wi,1
squad,1
objectively,1
disqualifying,1
deflect,1
inexcusable,1
betrayal,1
passport,1
usyou,1
nonmuslim,1
mandated,1
loot,1
alaska,1
trumpers,1
burromerter,1
hijacked,1
contracted,1
fiduciary,1
squirrel,1
cruel,1
forwardlooking,1
rhino,1
cxl,1
elephant,1
quickest,1
gtfoh,1
eisenhower,1
doubled,1
hotlines,1
snitched,1
motion,1
simmons,1
eviction,1
historical,1
gauging,1
planned,1
prepare,1
thief,1
whomever,1
tallied,1
pledge,1
zart,1
teenager,1
canvassing,1
casing,1
joint,1
theft,1
normally,1
trespassing,1
thumb,1
numbersit,1
sooooo,1
creepybad,1
unattended,1
yemen,1
allah,1
lesson,1
broughtoh,1
prolong,1
throne,1
rented,1
deceiving,1
dispute,1
humiliates,1
unable,1
swore,1
arrears,1
riyal,1
sustenance,1
harsh,1
holiday,1
kilo,1
flour,1
whatsapp,1
compensate,1
bbbbn,1
melania,1
clinging,1
footprint,1
mansion,1
paliminery,1
notta,1
zilch,1
barry,1
alright,1
crazed,1
zombieneed,1
antichrist,1
nominated,1
abandoned,1
blk,1
baptist,1
goer,1
kindergarten,1
ups,1
sissy,1
factory,1
begging,1
characterized,1
rapist,1
mindboggling,1
ops,1
binladen,1
lòoks,1
desire,1
believing,1
futere,1
appointee,1
larry,1
sinclair,1
rev,1
wright,1
minneota,1
utter,1
crony,1
tractor,1
nit,1
amercias,1
genocider,1
moth,1
bared,1
bidenobama,1
hmm,1
appropriate,1
questionable,1
retailer,1
reopen,1
gathering,1
capped,1
catholic,1
tribune,1
barrestaurant,1
liable,1
remained,1
prior,1
settlement,1
reached,1
issuing,1
prevented,1
liability,1
pressured,1
cathlics,1
downed,1
folded,1
session,1
amends,1
postsecondary,1
enrollment,1
pseo,1
eligibility,1
exclude,1
northwestern,1
crown,1
campus,1
affirm,1
upholding,1
develops,1
cleardemocrats,1
secretly,1
pervi,1
okie,1
muskogee,1
badge,1
obummer,1
heap,1
ddoes,1
iui,1
nationally,1
lateterm,1
ending,1
inconvenient,1
firstborn,1
dother,1
vitro,1
heartstring,1
bury,1
poisoned,1
firelol,1
arnie,1
gilbert,1
grape,1
mutual,1
gained,1
civilized,1
experimenting,1
deleting,1
suprised,1
jene,1
precious,1
survived,1
ruthlessly,1
corky,1
thatcher,1
thankyou,1
cultish,1
embryo,1
adopted,1
depend,1
awol,1
capppppin,1
acted,1
notch,1
pit,1
agony,1
residence,1
protected,1
covering,1
yourfine,1
adopt,1
dadcoach,1
maui,1
pesky,1
maine,1
blueder,1
evertim,1
courage,1
humane,1
lovenow,1
bros,1
mister,1
persuasion,1
fing,1
farming,1
nowdemocratic,1
hostess,1
megyn,1
pleaded,1
habit,1
exaggerating,1
boiling,1
feather,1
approved,1
sonso,1
touching,1
heartwarming,1
tws,1
inthe,1
tooking,1
hove,1
hairy,1
dickerson,1
skeleton,1
awalz,1
minister,1
winnng,1
teachercoach,1
unselfishly,1
golden,1
loudly,1
nancy,1
matthew,1
garcia,1
ronald,1
minnestoans,1
recovery,1
horrific,1
repealed,1
returned,1
payed,1
originally,1
jersey,1
whopper,1
falsely,1
nebraskan,1
commerce,1
commited,1
motherland,1
obey,1
hugged,1
rncoh,1
waithmmnevermind,1
awwwww,1
govenor,1
gawd,1
accolade,1
galore,1
extraordinaire,1
montezumwait,1
uniform,1
inflated,1
scapegoat,1
estate,1
wrecking,1
havoc,1
repair,1
manufacturer,1
conglomerate,1
sham,1
aspire,1
map,1
shushing,1
disciplinary,1
coldness,1
blowback,1
fails,1
danced,1
tarantella,1
smother,1
suppress,1
resilient,1
utmost,1
guidance,1
glance,1
disorder,1
neurotypical,1
shaming,1
rejecting,1
haywire,1
freakishness,1
applauding,1
humility,1
greater,1
whip,1
monitor,1
lengthy,1
parental,1
suppression,1
lay,1
braid,1
martini,1
warmth,1
kamal,1
ruining,1
johnald,1
acoustic,1
monthly,1
contradicts,1
chemistry,1
tug,1
superman,1
cape,1
soo,1
destroys,1
oriented,1
foolshis,1
fewthe,1
suppressedthe,1
loudest,1
blank,1
describing,1
arnold,1
palmer,1
penis,1
tendency,1
spare,1
libs,1
resign,1
denigrate,1
mm,1
sneaker,1
writer,1
simpleton,1
pbd,1
insinuating,1
puckered,1
carlsick,1
eventually,1
defamatory,1
girlyman,1
refereed,1
gym,1
cucktivism,1
carleson,1
slimy,1
genitals,1
groomer,1
harvey,1
fierstein,1
saideverybody,1
homo,1
gaydar,1
lgbtqit,1
walkstalksand,1
gayi,1
peoplei,1
fellatio,1
rubbing,1
boo,1
labelled,1
imo,1
elegy,1
patron,1
penetrating,1
treatise,1
thoroughly,1
surrounding,1
baseball,1
pakman,1
wrist,1
femininity,1
thaaag,1
procrastinating,1
verified,1
lg,1
speculating,1
lindsey,1
hormone,1
sayor,1
motherless,1
folknot,1
emasculate,1
valour,1
razor,1
shve,1
vagina,1
conned,1
reprobate,1
infecting,1
societya,1
ir,1
peril,1
ivy,1
girly,1
peacenik,1
lter,1
spur,1
inhibit,1
tnthusiasm,1
gret,1
trucker,1
ahahahahahhahaah,1
spine,1
spanking,1
fuckin,1
bird,1
deer,1
prohibit,1
drchellappa,1
md,1
medicolegal,1
soweto,1
johannesberg,1
zimbabwe,1
retd,1
martin,1
brenda,1
charles,1
productive,1
hyping,1
sixth,1
nicktoon,1
reccardi,1
charlie,1
brissette,1
kricfalusi,1
tribute,1
produced,1
ralph,1
sall,1
mca,1
eediot,1
kricfalusis,1
space,1
rub,1
rens,1
introduced,1
whizzleteats,1
sprinkled,1
surreal,1
series,1
humming,1
haunted,1
hummed,1
jimminy,1
lummox,1
sid,1
stinking,1
wizzleteats,1
whale,1
ifn,1
grandaddy,1
critter,1
marrying,1
joyyyy,1
followed,1
dahhhh,1
basement,1
mpls,1
simpin,1
kamoron,1
passionate,1
abuser,1
floydand,1
liarwith,1
dispicable,1
backgrouns,1
whoes,1
obligated,1
therelove,1
breach,1
dirtbag,1
buffoon,1
whiteness,1
bummer,1
rockin,1
honour,1
carelessly,1
inconsiderately,1
mph,1
thoughtless,1
sobriety,1
portion,1
eliminate,1
pled,1
reckless,1
plea,1
unconcern,1
restoring,1
manage,1
additional,1
inconsistency,1
laying,1
rib,1
busted,1
sticking,1
bruise,1
tbi,1
businesshahaha,1
spying,1
covidtoo,1
hypocritical,1
sidekick,1
stoop,1
devilcrats,1
urged,1
thanked,1
crawl,1
historically,1
pep,1
personifies,1
noble,1
maotrump,1
teflon,1
censor,1
study,1
trumpyall,1
unexpectedly,1
nomination,1
casual,1
lens,1
amidst,1
paused,1
uncommon,1
struggled,1
eventual,1
miracle,1
childless,1
welling,1
tearyeyed,1
forming,1
visibly,1
magical,1
onstage,1
brief,1
patriarch,1
erupted,1
rapturous,1
jubilation,1
overflowed,1
spilled,1
slouched,1
overwhelmed,1
soaked,1
flowing,1
excitedly,1
leaned,1
shoulder,1
bursting,1
clapped,1
stranger,1
oooooooof,1
cynical,1
jaded,1
fullon,1
bawling,1
cryer,1
bedrock,1
sublimely,1
breaking,1
sincerely,1
grateful,1
intimate,1
unabashed,1
remembered,1
universally,1
overnight,1
vicious,1
reprehensible,1
justification,1
redemption,1
revere,1
crossed,1
viciously,1
aforementioned,1
insincere,1
sheepish,1
neurodivergent,1
justifiable,1
admiration,1
blubbering,1
manhood,1
degenerating,1
rare,1
reminding,1
lee,1
dlr,1
freshair,1
delivered,1
refrigerator,1
sucked,1
actress,1
influencers,1
dent,1
influential,1
electing,1
heaed,1
priorirty,1
facet,1
spite,1
borrow,1
bipartisan,1
republicanstrump,1
detect,1
speaches,1
mega,1
coorperations,1
spirited,1
heartbeat,1
delivery,1
midwest,1
contingency,1
underrated,1
deaf,1
magic,1
educator,1
relation,1
adversity,1
interacts,1
conversing,1
sandwich,1
introduces,1
scandal,1
outlawing,1
fluf,1
measured,1
buckey,1
ounce,1
staple,1
carpenter,1
iowa,1
wondering,1
angrily,1
dns,1
frustrated,1
goveners,1
populated,1
scot,1
jensen,1
co,1
probiem,1
betcha,1
wowsuch,1
shouted,1
squeezing,1
likability,1
softest,1
chewiest,1
meaningful,1
lgbtqhdtv,1
thiel,1
tradition,1
schoolteacher,1
whipple,1
fat,1
stuffing,1
swooning,1
babykissing,1
grwat,1
psychopath,1
carves,1
mini,1
trp,1
usurp,1
unworthy,1
consideration,1
plural,1
frequent,1
location,1
prairie,1
yum,1
settle,1
ole,1
bucketfull,1
familiar,1
goody,1
twoshoes,1
laura,1
ingalls,1
nearby,1
grove,1
converted,1
accent,1
nero,1
quell,1
deprivation,1
quality,1
copying,1
snlbut,1
tip,1
deductible,1
extortion,1
suburb,1
participating,1
stalking,1
owed,1
vc,1
brick,1
flamible,1
liquid,1
repercustions,1
countiesnine,1
daschle,1
dorgan,1
sexton,1
travis,1
redundant,1
somethen,1
geo,1
russitother,1
access,1
devise,1
confirmed,1
shrink,1
disputed,1
battalion,1
outshine,1
castratration,1
climbing,1
seal,1
shanahan,1
transit,1
walzminnesota,1
wha,1
somalian,1
powerhouse,1
mart,1
ìf,1
collar,1
atrueuncleamerica,1
lavisly,1
handin,1
vizepräsident,1
politican,1
veto,1
libuals,1
glenn,1
greenwald,1
proisrael,1
aipac,1
admirer,1
keyword,1
shamala,1
lama,1
dingdong,1
republic,1
bay,1
villiages,1
mugshot,1
laborer,1
garb,1
wretched,1
leftwing,1
furor,1
erupt,1
valorand,1
sleazy,1
salesman,1
mestare,1
becos,1
cantire,1
paye,1
lalisa,1
stizin,1
honare,1
caredt,1
sheppe,1
mony,1
fore,1
yielding,1
unyielding,1
uniting,1
alternative,1
finding,1
beneficial,1
doable,1
correctly,1
plain,1
aaprt,1
alleged,1
peanut,1
somewhat,1
taxing,1
export,1
cleared,1
rogans,1
mainstream,1
bootlicking,1
decisionwhen,1
girlfriendit,1
faultso,1
dumbhe,1
smeared,1
upstanding,1
manly,1
santa,1
claus,1
tiannman,1
folksy,1
cuddly,1
exhausted,1
embarassing,1
hosted,1
korean,1
drinking,1
entertainer,1
distort,1
pander,1
nosy,1
zir,1
vanceproven,1
applying,1
leak,1
fiasco,1
cocaine,1
crackhouse,1
dod,1
epa,1
combine,1
unelected,1
magaa,1
wht,1
sap,1
ceepy,1
femosphere,1
whoopie,1
puke,1
factual,1
knuckle,1
editor,1
echo,1
puked,1
typing,1
lamestream,1
alltime,1
cursing,1
answered,1
expanding,1
inhome,1
spineless,1
parrot,1
focusing,1
offering,1
cap,1
insulin,1
needing,1
web,1
presentday,1
significantly,1
terror,1
alliance,1
recent,1
exploiting,1
unsecure,1
unlawfully,1
cam,1
whoopies,1
frame,1
tanked,1
charlamagne,1
nowvp,1
scamalas,1
indian,1
ang,1
extra,1
governorship,1
projected,1
protestors,1
swath,1
menstruate,1
participation,1
pin,1
presenter,1
testicle,1
prisoner,1
supposedly,1
keg,1
ave,1
articulate,1
rn,1
cnas,1
shter,1
belize,1
myselfas,1
gutter,1
officals,1
marketing,1
hyena,1
poltical,1
substadies,1
employing,1
spacex,1
deploy,1
bloomberg,1
hotel,1
casino,1
stalin,1
blew,1
obtain,1
ruin,1
hahahahahaha,1
purchase,1
nasa,1
multi,1
earning,1
kk,1
judging,1
jinping,1
prize,1
horribly,1
tinkerbelle,1
businessman,1
suffers,1
asburgers,1
classless,1
skip,1
ahould,1
legit,1
alert,1
forca,1
shaking,1
substantially,1
canadian,1
mail,1
onewhen,1
previous,1
tribunal,1
foil,1
skipping,1
hitching,1
wagon,1
enters,1
beauty,1
pageant,1
pastor,1
molests,1
achieved,1
marker,1
competence,1
ironically,1
flea,1
waster,1
ketamine,1
cofounder,1
engineering,1
whove,1
returning,1
californian,1
suspect,1
sale,1
dramatically,1
turd,1
engage,1
dipshts,1
status,1
maniacal,1
billiondollar,1
dipsht,1
walzamericans,1
behaves,1
asperger,1
anyones,1
abandoning,1
tapoon,1
wieder,1
thoughtstill,1
minnesomalia,1
crude,1
mudslinger,1
parking,1
sweeper,1
pancakw,1
hid,1
gleeful,1
battleaxe,1
cheered,1
ellon,1
misrepresent,1
suited,1
sneak,1
resemble,1
pennywise,1
disgustingwalz,1
lego,1
treasonous,1
pic,1
litttle,1
accurate,1
hw,1
file,1
fcc,1
demtardz,1
raging,1
quickly,1
shafted,1
cherry,1
dance,1
standardsits,1
walts,1
yucky,1
def,1
hilary,1
fukin,1
squandered,1
jester,1
lysol,1
spray,1
anyways,1
whoaso,1
lgbtqs,1
homophobe,1
contempt,1
overlook,1
attachment,1
bidet,1
hmmmhe,1
administering,1
hahahahaha,1
copied,1
sayng,1
clozzzzze,1
noncitizen,1
anchor,1
lasso,1
abusedhe,1
amuse,1
nodding,1
mnland,1
kotex,1
courageous,1
rarely,1
displayed,1
wowgreat,1
sting,1
phonecall,1
atime,1
gawdam,1
cryingthis,1
fast,1
obamacommunist,1
commedian,1
prince,1
complement,1
kamikaze,1
carrier,1
circle,1
malignant,1
malcontent,1
coping,1
immigrantsinflation,1
securitylie,1
abortionlie,1
majorlie,1
ivt,1
treatmentlie,1
integrityabsolutely,1
brakfast,1
chinatrump,1
goverment,1
panned,1
teard,1
academy,1
walzhope,1
usmy,1
headed,1
cliff,1
underwent,1
waltzing,1
aound,1
myob,1
synonymous,1
catcher,1
manages,1
inciting,1
certification,1
batshit,1
ftw,1
rhetorically,1
sergent,1
certificate,1
promotion,1
picnic,1
embellished,1
natl,1
abolishing,1
komrade,1
pricing,1
soup,1
depression,1
plagiarizing,1
bashing,1
reproducing,1
prevalent,1
bachmann,1
denounced,1
sweden,1
farthest,1
swiss,1
albeit,1
pawlenty,1
widow,1
orphan,1
balancing,1
boasting,1
treasure,1
troving,1
annul,1
eden,1
koolaid,1
separate,1
contradicting,1
stayed,1
naziville,1
crythat,1
mississippi,1
battled,1
addiction,1
marine,1
coached,1
fatherinstead,1
narcissistic,1
alcoholic,1
shallow,1
info,1
wacko,1
womanist,1
nontoxic,1
wimpy,1
doormat,1
masculine,1
emhof,1
fooools,1
admired,1
whilst,1
mumbling,1
incoherent,1
sidestep,1
whipped,1
pup,1
follows,1
overweight,1
comparing,1
democratrich,1
held,1
wallace,1
addict,1
abusive,1
diictators,1
nina,1
exude,1
protector,1
ptsd,1
thewoke,1
whimps,1
fester,1
unreal,1
countrynothing,1
substantive,1
sudden,1
feminist,1
twisted,1
modeling,1
healthy,1
supportive,1
momala,1
mishandling,1
kfc,1
wendys,1
racial,1
deranged,1
figureit,1
dominate,1
reprimanded,1
barrage,1
bluster,1
benevolent,1
fig,1
emotionally,1
triggered,1
chubby,1
parenting,1
active,1
thiand,1
dady,1
auntie,1
shootersbad,1
attribute,1
yank,1
reckon,1
orgin,1
gamesworkouts,1
brittney,1
cooper,1
connecting,1
rout,1
creature,1
denigrating,1
incurable,1
isaac,1
newton,1
calculate,1
heavenly,1
prejudice,1
witht,1
sexpredators,1
triple,1
tiananmentampontim,1
responded,1
karma,1
subhuman,1
childish,1
category,1
refers,1
karen,1
clout,1
januaryway,1
bounce,1
blubbery,1
whine,1
grompy,1
dungcolored,1
vent,1
remotely,1
instantly,1
bitter,1
turtleneck,1
sweater,1
idiotshe,1
glue,1
floorloserrr,1
laughingare,1
atwice,1
impeached,1
turm,1
loseing,1
slurring,1
occasion,1
insultingdenigrating,1
attackingbut,1
toegod,1
whining,1
pacmans,1
charred,1
village,1
idiothas,1
detrimental,1
ridicule,1
negativity,1
accuses,1
immature,1
retard,1
thst,1
relateable,1
whod,1
imbecile,1
deflects,1
wound,1
graceful,1
invisible,1
intellectual,1
disingenuousness,1
assisted,1
eyed,1
trusted,1
deflectionreflection,1
technique,1
donny,1
mango,1
mussolini,1
greasy,1
tweaker,1
johnstown,1
compromising,1
reign,1
eastern,1
epically,1
discredit,1
thereafter,1
richards,1
bibis,1
murderous,1
supermarket,1
debated,1
mala,1
donating,1
nuf,1
asshllloe,1
possibility,1
timebeing,1
forgetting,1
sometime,1
dull,1
salute,1
empowered,1
relentless,1
listens,1
peopleits,1
faked,1
evaluation,1
budapest,1
glaring,1
grasp,1
mismanagement,1
ripe,1
exploitation,1
catastrophic,1
fundamental,1
misunderstanding,1
damaging,1
relish,1
weaken,1
dangerously,1
imposing,1
demonstrates,1
cripple,1
deter,1
eager,1
turmoil,1
disrupt,1
woefully,1
unprepared,1
formulate,1
exacerbate,1
downturn,1
destabilizing,1
expertise,1
glaringly,1
apparent,1
unfavorable,1
negotiation,1
geopolitical,1
maneuvering,1
manipulation,1
savvy,1
appear,1
capitalize,1
diplomatic,1
diminishing,1
decline,1
weakened,1
pleased,1
among,1
ooh,1
americakamala,1
uganda,1
authentically,1
medicaid,1
reduction,1
liverlipped,1
bass,1
perish,1
eternal,1
condemn,1
thannk,1
chinai,1
menstrual,1
sensational,1
australian,1
agoi,1
diatribe,1
djtmaga,1
waltzthis,1
kenyan,1
developing,1
graciousness,1
faker,1
nationality,1
jamaica,1
mon,1
ap,1
announcement,1
adhan,1
yearround,1
communistdemocrat,1
novembervote,1
sassy,1
judgment,1
blubber,1
repelling,1
visual,1
signature,1
recalled,1
purple,1
snot,1
reinstate,1
rightful,1
demure,1
respectable,1
porch,1
paintball,1
transrefuge,1
genderaltering,1
insufferably,1
gifted,1
cooked,1
biography,1
numerous,1
checking,1
unproven,1
reputable,1
reported,1
testimony,1
employment,1
confirmation,1
independently,1
verify,1
policelie,1
frackinglie,1
borderlie,1
bidenomics,1
prescription,1
fracking,1
mining,1
production,1
soft,1
crimecriminals,1
lowerincome,1
firsttime,1
homebuyers,1
startup,1
fooled,1
deliver,1
solo,1
economyno,1
borderno,1
crimeno,1
immigrationno,1
ratesno,1
citizensveteransno,1
illegalsyes,1
economicaleconomy,1
kamalanomics,1
estatehome,1
squatter,1
beingher,1
fulfilled,1
branch,1
legislative,1
patriotic,1
viewbotting,1
reaganstyle,1
smoothness,1
pond,1
prostituter,1
enthusiasm,1
encourages,1
japan,1
mafia,1
connects,1
douchbag,1
kansa,1
coherent,1
banter,1
appreciative,1
propagate,1
psychology,1
pc,1
incorrect,1
dialogue,1
presume,1
diaper,1
urban,1
affluent,1
paternalistic,1
concluded,1
peddle,1
giveaway,1
collegeeducated,1
disproportionately,1
snubbing,1
fouryear,1
tangible,1
allison,1
huynh,1
viewbotted,1
autenticityintegrity,1
freshclean,1
pheasant,1
peopleconversationinteractionreal,1
interestnotoh,1
hereoknot,1
aad,1
wokld,1
humanitarian,1
cringey,1
ew,1
insist,1
vera,1
tomasevic,1
spinning,1
orthodoxy,1
mosque,1
allahu,1
akbar,1
edin,1
bećirović,1
lincoln,1
occupying,1
symbol,1
chill,1
jokowi,1
corrupted,1
ganjar,1
mahfud,1
yt,1
loool,1
californiasan,1
franciscos,1
educational,1
disadvantage,1
magazine,1
jasper,1
stanford,1
shyamala,1
gopalan,1
biomedical,1
lawrence,1
berkeley,1
laboratory,1
graduated,1
hastings,1
ranked,1
rating,1
suspicious,1
removing,1
exlover,1
participated,1
twoday,1
ledpropaganda,1
aid,1
devastating,1
alzheimer,1
wishing,1
trivial,1
pivotal,1
merely,1
examining,1
implementing,1
hitting,1
demographic,1
fostered,1
thrived,1
flourished,1
embraced,1
lean,1
burden,1
decisive,1
enforceable,1
resource,1
ambiguous,1
prosecutor,1
scrutiny,1
inconsistent,1
redefined,1
agreement,1
challenged,1
threaten,1
globalism,1
expense,1
advocate,1
recognizing,1
lawabiding,1
championed,1
differing,1
infringe,1
foster,1
achieve,1
dependency,1
entrepreneurship,1
selfreliance,1
defines,1
preserving,1
implication,1
prioritize,1
uphold,1
exceptional,1
prefer,1
unstable,1
veiwed,1
prolife,1
frankly,1
skewed,1
scarecrow,1
và,1
gibberish,1
sprinkler,1
kare,1
updated,1
blend,1
ingredient,1
sen,1
franken,1
dminn,1
trot,1
tatertot,1
accept,1
lawalz,1
ufc,1
ppv,1
dw,1
ur,1
steady,1
diet,1
fastball,1
curve,1
imperative,1
loyalty,1
connected,1
goodluck,1
tupac,1
tense,1
exemplifies,1
resilience,1
strives,1
poignantly,1
imparted,1
reflecting,1
deeprooted,1
honored,1
motivational,1
excel,1
prioritizes,1
additionally,1
lieutenant,1
testament,1
groundbreaking,1
helm,1
require,1
sits,1
finished,1
manuscript,1
ahahaha,1
ahahahahahaha,1
ahahah,1
quarter,1
pilot,1
chemical,1
poison,1
spraying,1
fluff,1
infuriating,1
unserious,1
dragon,1
wise,1
idealistic,1
abhor,1
kamela,1
selfish,1
salary,1
yang,1
madame,1
beating,1
sneaking,1
nanny,1
gladly,1
crybaby,1
deadbeat,1
israeli,1
apathy,1
click,1
torture,1
whyyyyyyyyy,1
mrscortez,1
hidgecliffe,1
momentthink,1
regaetton,1
lirycs,1
obscenity,1
degrading,1
signaling,1
saturation,1
generates,1
recycling,1
exacerbates,1
jack,1
fleeing,1
crave,1
aholes,1
learnt,1
manipulate,1
consumed,1
tds,1
activist,1
truthgoogle,1
garbagesince,1
apologise,1
rubbish,1
inhabitant,1
spilling,1
lined,1
gamers,1
grossly,1
juan,1
stein,1
klan,1
fkn,1
garbageoh,1
puente,1
disservice,1
hadnt,1
sacrifice,1
shrinking,1
resort,1
innuendo,1
cell,1
parasite,1
timed,1
bother,1
resolve,1
reviewing,1
volunteering,1
nicky,1
innovative,1
outlook,1
distorted,1
disrespecting,1
guiding,1
disregarding,1
attain,1
generator,1
wastage,1
shoreline,1
hypersensitive,1
ethnicity,1
maliciously,1
puertorriquens,1
punish,1
hawaiianspeople,1
volcano,1
dice,1
subtle,1
article,1
haynes,1
pasquines,1
leaf,1
coraly,1
mejias,1
journal,1
unknown,1
ecorich,1
blog,1
disposing,1
municipal,1
announces,1
launch,1
lfg,1
brained,1
flake,1
inundated,1
unhinges,1
alife,1
alejandra,1
conniving,1
dart,1
suckling,1
exorcism,1
garbageor,1
itselfi,1
ge,1
wayeither,1
jackwad,1
agreed,1
angela,1
davis,1
autobiography,1
searly,1
spearheaded,1
sterilise,1
bearing,1
operacion,1
primarily,1
pharmaceutical,1
petrochemical,1
coincidence,1
improving,1
inhabited,1
familiesthe,1
profit,1
whyd,1
emotionless,1
emergency,1
disparage,1
territory,1
significant,1
drowned,1
meaningless,1
saddest,1
stabbing,1
ocean,1
encanto,1
bozo,1
drill,1
defense,1
stephan,1
sacrificed,1
urinating,1
carlos,1
slim,1
felipe,1
calderon,1
backbone,1
tropical,1
cochabamba,1
breed,1
sepas,1
riley,1
reid,1
faking,1
nervousness,1
astounding,1
delivering,1
disparaged,1
soundbite,1
raw,1
determine,1
seemingly,1
fran,1
demonize,1
crosshairs,1
disrupting,1
rebuild,1
okaying,1
prompter,1
carve,1
european,1
disciple,1
wellweird,1
psychological,1
grader,1
booing,1
soiry,1
tecord,1
slept,1
greet,1
exaggerated,1
dickhead,1
liarssays,1
tienanmen,1
toooooo,1
bidenharis,1
tregedy,1
grief,1
lovable,1
bastard,1
ly,1
nutty,1
tbh,1
waltsharris,1
creeped,1
describe,1
trumptell,1
brightly,1
duihe,1
inserted,1
jeff,1
dubious,1
rewatching,1
prominence,1
repulsively,1
liara,1
twistermalicious,1
himlook,1
policyshocking,1
concentrating,1
vacuous,1
aging,1
regressive,1
numb,1
newsom,1
legitimate,1
charging,1
homework,1
humiliated,1
installed,1
becausebeen,1
democratsis,1
hardright,1
wiennie,1
waaaaay,1
jake,1
offputting,1
embelishing,1
serving,1
kovements,1
oompa,1
loompa,1
boomergroomer,1
workable,1
unelectable,1
tent,1
sidewalk,1
drugged,1
shoplifting,1
absurdity,1
brazilian,1
tragic,1
currency,1
invented,1
strangely,1
believable,1
filling,1
highschool,1
promotes,1
kindergartener,1
pubertyblocking,1
horomones,1
childrenadolescents,1
funded,1
sexchange,1
inmate,1
sorta,1
trapped,1
conduct,1
forgets,1
sterilization,1
kackaling,1
bleech,1
csm,1
enemyowned,1
fourteen,1
foreclosure,1
modification,1
investor,1
eradicating,1
contraception,1
fatherhood,1
convenient,1
condition,1
ing,1
haired,1
juicy,1
lucy,1
populist,1
uaw,1
labor,1
ut,1
ourlet,1
paste,1
newscast,1
bout,1
weirdwalz,1
mplsst,1
paul,1
anniversary,1
tienamen,1
basis,1
confusion,1
midwesterners,1
hahahahaits,1
popped,1
blurry,1
edge,1
documentary,1
installing,1
boricuas,1
liberian,1
iveherd,1
shady,1
forefather,1
reap,1
mutiate,1
twerent,1
grows,1
sensible,1
remind,1
tono,1
typically,1
misery,1
burnt,1
expression,1
nikita,1
khrushchevthe,1
premier,1
leather,1
jagmilitary,1
sc,1
alumnus,1
hill,1
panty,1
catchphrase,1
clarity,1
dedication,1
characteristic,1
awhile,1
lolthese,1
collapse,1
drunker,1
chick,1
tearing,1
overshadows,1
preach,1
analog,1
spam,1
buzzword,1
apps,1
printer,1
maintenance,1
sorrow,1
middel,1
warming,1
brag,1
uberpolluter,1
guzzling,1
emmisions,1
junk,1
vlog,1
emissionshaha,1
skit,1
hopenot,1
sandbox,1
shrank,1
sock,1
confusedhe,1
awkwardly,1
likelihood,1
vanish,1
gona,1
nacion,1
despised,1
auto,1
fcking,1
sellout,1
smog,1
enthusiast,1
newer,1
yearold,1
mongering,1
vacuum,1
discourages,1
ii,1
beater,1
nicelooking,1
hattians,1
suv,1
uhi,1
clunkers,1
environmentally,1
unfriendly,1
ram,1
thereve,1
spotless,1
gear,1
tampax,1
emission,1
internal,1
hybrid,1
howitzer,1
identify,1
automotive,1
appendix,1
cleveland,1
illinois,1
lesi,1
tamp,1
thosorry,1
craig,1
kilborn,1
seducing,1
rebuffed,1
sexualization,1
overcome,1
outdo,1
packing,1
scrip,1
compromise,1
itlike,1
pauly,1
shore,1
profusely,1
unsettling,1
punchline,1
propensity,1
beforehand,1
bothered,1
coast,1
pitt,1
adore,1
strongest,1
outraged,1
epitome,1
alway,1
columbia,1
rofl,1
carefulyoure,1
zombiesthey,1
doomed,1
satire,1
realise,1
unkle,1
fodder,1
teeth,1
gloss,1
minnesotaokokgo,1
geography,1
jesussmh,1
ingraham,1
nodded,1
firmly,1
cybertruck,1
flailing,1
kermit,1
frog,1
misleading,1
includes,1
climate,1
proliferate,1
lacking,1
slant,1
contribute,1
polarization,1
amplifying,1
inflaming,1
rightwing,1
fearmongering,1
sensationalism,1
avoided,1
instance,1
defended,1
arguing,1
outlandish,1
inflammatory,1
xenophobic,1
nationalist,1
covert,1
unwitting,1
byte,1
sized,1
scare,1
jessie,1
pillow,1
denver,1
wyoming,1
steven,1
jesse,1
watters,1
soak,1
cork,1
jesses,1
svengali,1
twunts,1
blob,1
diarrhoea,1
incubus,1
emphasis,1
parody,1
minesotand,1
carolinian,1
troubled,1
heath,1
benifits,1
ty,1
multibillionaires,1
bank,1
thinktanks,1
multibillions,1
revenue,1
fearing,1
folly,1
gifting,1
mailin,1
barcode,1
journey,1
walzyou,1
uhh,1
pooped,1
simp,1
sydney,1
mana,1
songwriter,1
oldarent,1
singer,1
convict,1
softly,1
muffler,1
sol,1
uproar,1
sunset,1
radio,1
hahahah,1
truman,1
dipshyt,1
infer,1
contex,1
sings,1
threee,1
absentee,1
colorado,1
deprogramming,1
springsteen,1
cd,1
anytime,1
relevant,1
yesa,1
thumbnail,1
robert,1
niro,1
singersongwriter,1
defeating,1
rasmussen,1
violenceafghanistanukrainebordereconomyinflationhousing,1
etcetcetc,1
kakala,1
trumpys,1
criminally,1
admires,1
secretary,1
legislature,1
carole,1
carly,1
garfunkel,1
loggins,1
messina,1
appreciateed,1
dramatic,1
prosecuter,1
sounding,1
onceagain,1
fam,1
particularly,1
amused,1
stool,1
pleasant,1
grandchild,1
gander,1
performing,1
witty,1
dictatorfascist,1
briberythank,1
harrisealz,1
carol,1
playlist,1
driveway,1
cancer,1
fate,1
comfort,1
homethank,1
reminded,1
mitchell,1
poped,1
slamming,1
icon,1
fav,1
anyday,1
immorality,1
worship,1
owl,1
weeper,1
wept,1
youth,1
classical,1
triumph,1
fervently,1
wrap,1
romantic,1
strict,1
monitoring,1
unarmed,1
optional,1
outsider,1
misting,1
swaying,1
owen,1
kim,1
henry,1
melodic,1
tonight,1
challenging,1
musicnot,1
rallysbeautiful,1
provides,1
ala,1
sobbing,1
privilege,1
cheaper,1
gettingfour,1
stickin,1
plastered,1
billboard,1
neglected,1
presidentjust,1
vpkamala,1
complementary,1
skillsthey,1
dearlyand,1
togetherthese,1
observer,1
concerned,1
uhm,1
walzwhat,1
attendee,1
inconsiderate,1
crook,1
dynamic,1
weather,1
peoplewe,1
destroying,1
preference,1
tmob,1
rambo,1
maddie,1
propagandist,1
tokyo,1
validation,1
manipulating,1
neurotic,1
granted,1
lov,1
laid,1
madman,1
grumpy,1
duh,1
superduper,1
ovation,1
pitf,1
grandson,1
evev,1
saudi,1
arabia,1
veep,1
decertify,1
inherently,1
oldnothing,1
ruling,1
conserving,1
appointed,1
gouvernor,1
walzhes,1
bullyalways,1
sarcastic,1
hzve,1
breakthrough,1
trek,1
tolkinen,1
monger,1
despise,1
indignant,1
soundly,1
thrashed,1
sharp,1
misogynous,1
coup,1
envision,1
patting,1
misunderstand,1
twovote,1
testosterone,1
socialcommunist,1
charged,1
theater,1
yelled,1
hatians,1
eatng,1
springfueld,1
misposition,1
democrate,1
timwalz,1
farron,1
fetched,1
deathdoor,1
marry,1
boost,1
howard,1
marshall,1
demo,1
highlighting,1
ra,1
aaa,1
ratingdo,1
walzbe,1
brave,1
partyelection,1
larger,1
scale,1
cable,1
maddow,1
untruthful,1
conquer,1
pincher,1
booming,1
américans,1
kalamity,1
inflatión,1
pen,1
vanity,1
depict,1
roman,1
panem,1
et,1
circenses,1
expence,1
sexually,1
confidence,1
govern,1
workin,1
kammy,1
fraudsters,1
mop,1
clock,1
consided,1
pole,1
sooner,1
crowned,1
mindless,1
palin,1
guywhats,1
thisthe,1
polocy,1
abuse,1
polocys,1
complying,1
scum,1
warrior,1
preferred,1
elevator,1
hr,1
stollen,1
vallor,1
uncomfortable,1
discussed,1
refugee,1
krazy,1
smoking,1
disowns,1
camaltoe,1
amerikkka,1
venezuelan,1
pre,1
unemployement,1
stopping,1
orangemanbads,1
leftard,1
globalists,1
demokkkratic,1
sovereignty,1
nuclear,1
cushion,1
humping,1
statute,1
setting,1
demokkkrat,1
judgesprosecutors,1
jury,1
insure,1
application,1
applies,1
unrealistic,1
knowledgeable,1
facilitate,1
vancetrump,1
mentaly,1
oliwawlzer,1
streudur,1
makimg,1
tech,1
friendship,1
phoniness,1
cruption,1
erase,1
electrifying,1
fiery,1
peaceful,1
screw,1
illuminati,1
bowed,1
awfully,1
chuffed,1
awaits,1
gg,1
undeniable,1
wowhas,1
thishow,1
cience,1
pioneer,1
intell,1
meadow,1
muffin,1
blablabla,1
completly,1
disconected,1
existed,1
transman,1
massmanips,1
goat,1
energetic,1
congratulationcheer,1
congratulationbravocheer,1
dump,1
conning,1
pooptin,1
isolate,1
puppy,1
goooo,1
expedient,1
obscurity,1
fastfood,1
frenzy,1
eanted,1
relentlessly,1
impose,1
kitten,1
laser,1
dot,1
anarchy,1
skin,1
dept,1
unconstitutional,1
popcorn,1
entertain,1
teaming,1
blow,1
sheol,1
purposely,1
chnv,1
developed,1
reasonits,1
wakz,1
femalei,1
talented,1
tennis,1
playerand,1
happenvote,1
kamalanot,1
cheeto,1
sickfor,1
becouse,1
tamponsits,1
giffords,1
dictatorship,1
deceit,1
narcissm,1
sexism,1
marjorie,1
intrests,1
spared,1
hellscape,1
occurs,1
dismantle,1
corp,1
modify,1
telecom,1
warehouse,1
overcharging,1
underpaying,1
evading,1
anna,1
spelled,1
okthere,1
denmark,1
austria,1
harriswakzdont,1
spectacle,1
paradigm,1
warren,1
buffett,1
taxed,1
ghost,1
mccaintrumps,1
govenors,1
belt,1
tour,1
penn,1
alcatras,1
cameroon,1
finn,1
commanderinthiefrathercommanderinchiefthat,1
harrisvp,1
coachnot,1
couchtim,1
walzgo,1
trophyfor,1
harristima,1
mcacarthy,1
apprentice,1
kamalatim,1
abhorrent,1
cheerleader,1
wrapped,1
lunchtime,1
fireside,1
chatswould,1
lotta,1
floppy,1
flopping,1
ittybitty,1
intolerance,1
truer,1
zionist,1
tanahese,1
walzif,1
whistleblower,1
goober,1
apologized,1
discorse,1
nate,1
burleson,1
sköl,1
routinely,1
smear,1
treating,1
gravity,1
marginalized,1
controversial,1
garage,1
raped,1
tarantinoposted,1
byby,1
cbss,1
reflect,1
scheming,1
provisional,1
dhs,1
handler,1
mouthpiece,1
nonanswers,1
steed,1
beverage,1
backandforth,1
thorough,1
trimester,1
unequal,1
nsp,1
promising,1
consistent,1
label,1
plant,1
pledged,1
babysitter,1
truancy,1
democratici,1
truthfulness,1
forbearance,1
sugarcane,1
slaver,1
jamaca,1
enslaver,1
lowincome,1
livable,1
singlefamily,1
yellow,1
nonwhite,1
kickstart,1
xxx,1
bollywood,1
mistress,1
forth,1
pitiful,1
closeup,1
truthfully,1
personification,1
teen,1
girlfriend,1
score,1
payroll,1
sickens,1
cvd,1
nonman,1
damb,1
kackling,1
lieing,1
promis,1
everybodys,1
businessthese,1
unscrutinized,1
chritians,1
rallyhaha,1
sub,1
murdering,1
unborn,1
ownership,1
prowess,1
kameltoe,1
muricans,1
oen,1
buisness,1
cuckoo,1
apocalypse,1
garrison,1
formulated,1
monopolize,1
attempted,1
harvesting,1
recipient,1
kursk,1
region,1
oct,1
english,1
legislated,1
everytime,1
wohoo,1
bennie,1
commala,1
fudds,1
wascally,1
wabbit,1
outsmarted,1
ira,1
schd,1
schx,1
schg,1
sp,1
seeking,1
attendance,1
crowed,1
inflate,1
interference,1
edp,1
cupcake,1
whitehats,1
troublethey,1
dingle,1
berry,1
fart,1
nerf,1
criticize,1
bite,1
expecting,1
tank,1
wreck,1
brainwash,1
capitalism,1
gloom,1
rainbow,1
optimism,1
tainted,1
sly,1
goodby,1
block,1
firtility,1
transmovement,1
interfering,1
takeaway,1
mmm,1
shall,1
grammar,1
ninth,1
histrionic,1
disotder,1
freaky,1
tag,1
eratic,1
flail,1
spaz,1
rubber,1
shouting,1
delirium,1
kw,1
inexorable,1
integrated,1
immeasurable,1
happiness,1
club,1
lsd,1
babbling,1
greed,1
summarized,1
jus,1
suburban,1
gramp,1
fishing,1
lamp,1
perfectly,1
balloon,1
trotted,1
lameo,1
demonise,1
transparent,1
walsh,1
thirty,1
bullet,1
jag,1
obsolete,1
vibesanyone,1
tee,1
gentlementhey,1
mutilated,1
graphic,1
manipulative,1
boomer,1
lasagna,1
classic,1
insulters,1
burnedlootedrioted,1
rocket,1
factchecking,1
google,1
search,1
suppressed,1
videonow,1
section,1
soros,1
influx,1
friday,1
mailbox,1
weakwalz,1
praising,1
accomplishment,1
kinder,1
rage,1
instrumental,1
preventing,1
chuckled,1
rattling,1
walzstop,1
precise,1
owning,1
affording,1
empathetic,1
craklehead,1
envy,1
ineptness,1
harristicket,1
nothingthe,1
bombastic,1
egostical,1
bureaucrat,1
weakling,1
undemocratically,1
selected,1
gimmy,1
pile,1
bile,1
bluefrom,1
dictater,1
thwart,1
au,1
trumpless,1
torch,1
liberty,1
partyis,1
riding,1
fuel,1
cancelling,1
pleasure,1
upreme,1
landmark,1
jump,1
perverti,1
vaxxer,1
hospitalization,1
momentum,1
administrator,1
asa,1
reignite,1
woodward,1
confession,1
tuning,1
vulgarity,1
vpelect,1
walzand,1
exciting,1
flanagan,1
wherever,1
nitwit,1
becausetheyre,1
unsure,1
eagle,1
brotherly,1
qb,1
loyal,1
drump,1
belong,1
concentrate,1
beaming,1
weaponizes,1
domestic,1
payer,1
jeopardy,1
cw,1
scottish,1
eight,1
infinity,1
spanish,1
sentiment,1
lilt,1
presumably,1
stem,1
warn,1
charlotte,1
indicates,1
insider,1
encourage,1
lowpropensity,1
imply,1
avery,1
erin,1
advisor,1
humbolt,1
booooo,1
sixfigure,1
timbut,1
proposed,1
theie,1
fixed,1
canceling,1
advocacy,1
fda,1
walzvice,1
bioterroristcriminal,1
tracked,1
maralago,1
conspirator,1
hamas,1
bioterroristcrime,1
investigated,1
cannon,1
discovery,1
aide,1
log,1
email,1
coverup,1
conspiracytrump,1
ignored,1
wrongfully,1
americancitizens,1
edward,1
snowden,1
affiliate,1
spy,1
awarded,1
spycontracts,1
biolab,1
leakage,1
origin,1
navarros,1
kabc,1
coronavirus,1
attended,1
bioterroristcriminals,1
hn,1
homeland,1
clearance,1
travelling,1
cancun,1
inspect,1
carryon,1
luggage,1
explained,1
louisiana,1
poised,1
rely,1
supplier,1
import,1
ignite,1
overhauling,1
overperform,1
homan,1
architect,1
raid,1
linemen,1
strike,1
sleeping,1
beloved,1
yell,1
trader,1
recognition,1
rough,1
potable,1
tap,1
river,1
art,1
debris,1
piled,1
ridge,1
parkway,1
hurting,1
appreciated,1
nonprofit,1
immediate,1
chimney,1
lake,1
lure,1
downtown,1
innumerable,1
isolated,1
inaccessible,1
helicopter,1
latina,1
mexicanamerican,1
schwarzenegger,1
fst,1
kremlin,1
subject,1
grilled,1
stone,1
sincere,1
horror,1
greatso,1
unaffordable,1
divisiveness,1
plentiful,1
borderfrom,1
michigantrump,1
sugar,1
coating,1
denigrated,1
tormented,1
harassed,1
impunitydems,1
insulted,1
tanehisi,1
mawa,1
meantlol,1
sensitive,1
cheeseburger,1
cue,1
farce,1
feebleminded,1
handsome,1
concatenated,1
tuth,1
clarififing,1
tiktok,1
newsfeeds,1
sunk,1
themand,1
seeshare,1
nonstop,1
respectfyl,1
xalled,1
demkcratic,1
initial,1
solving,1
creates,1
healt,1
infant,1
woe,1
sadistic,1
calvin,1
talkingrobot,1
embecilic,1
acknowledging,1
deface,1
chalkboard,1
underaged,1
thise,1
noah,1
moses,1
billy,1
pathway,1
socialistcommunist,1
trumpito,1
eater,1
gong,1
cling,1
path,1
stumbled,1
altering,1
timbo,1
stanely,1
cup,1
inclusive,1
bullsh,1
denial,1
collector,1
unfunny,1
rhetorical,1
apologizing,1
clarifying,1
scoring,1
tonys,1
demonization,1
millennials,1
stint,1
convenience,1
macaroni,1
condiment,1
mustard,1
ketchup,1
whitest,1
da,1
bomb,1
munchies,1
fortune,1
poulated,1
mics,1
wasting,1
philosophical,1
gavin,1
unliked,1
decimated,1
gravy,1
reassured,1
facade,1
normallacy,1
southerner,1
herb,1
macro,1
sevral,1
understood,1
regret,1
thatll,1
realistically,1
center,1
drama,1
annd,1
tiredest,1
gabbard,1
tattoo,1
whippedwhatayadoin,1
poke,1
nonstaged,1
clever,1
sogod,1
tracking,1
casserole,1
nontalking,1
programmer,1
tirelessly,1
mute,1
dumba,1
islander,1
helene,1
uh,1
stereotype,1
hipocrisy,1
shameless,1
gtfooh,1
deprecate,1
knowin,1
flava,1
whitey,1
chili,1
kidney,1
bean,1
understands,1
deceptive,1
meter,1
dumbing,1
gotcha,1
epidemic,1
netflix,1
gaming,1
apostasy,1
discernment,1
discussing,1
livessmh,1
filming,1
shortminded,1
brewing,1
wholesomeness,1
theythem,1
pronoun,1
cancel,1
membership,1
iinvest,1
invest,1
checkbook,1
vic,1
tyo,1
rootswere,1
niceuntil,1
kindness,1
whopped,1
govwalzedgy,1
fierylets,1
goharriswalz,1
thick,1
heating,1
smack,1
thier,1
shade,1
eminem,1
governa,1
wowhe,1
threatened,1
lectured,1
corner,1
uncalled,1
disabled,1
atrocity,1
stooping,1
swearing,1
expletive,1
eh,1
modern,1
teddy,1
hiphop,1
beat,1
countered,1
colin,1
allred,1
webb,1
dipstick,1
lowclass,1
lowdown,1
dumbeddown,1
weiveiculous,1
kimmel,1
apply,1
saý,1
millennial,1
palate,1
meme,1
server,1
hotter,1
mexicano,1
cumin,1
doritos,1
snack,1
awareness,1
insisting,1
generally,1
consisted,1
garlic,1
salt,1
seasoned,1
bulldog,1
capable,1
traumatized,1
contrasting,1
biryani,1
lumpia,1
sushi,1
carne,1
asada,1
pico,1
competition,1
dunno,1
lewberger,1
shouldve,1
invited,1
cookout,1
aunty,1
miranda,1
priestley,1
sigh,1
ohhhh,1
dang,1
fuhn,1
uhf,1
ouahs,1
guahs,1
wit,1
guah,1
tauchoes,1
fried,1
ig,1
barrack,1
competing,1
tf,1
outta,1
cilantro,1
terribly,1
corny,1
unbelievably,1
moderated,1
sisnt,1
unburdened,1
teased,1
packaged,1
caregiver,1
household,1
describes,1
sauce,1
format,1
confusing,1
whoop,1
timothy,1
prizewinning,1
magically,1
disappear,1
fib,1
lettuce,1
mildly,1
xd,1
drench,1
cayenne,1
peppersiracha,1
acid,1
curd,1
although,1
sisterhood,1
hajahahatop,1
minnasota,1
gurl,1
probs,1
pepperwe,1
ray,1
tapatio,1
shitting,1
rattled,1
factually,1
politely,1
franklin,1
fdr,1
whare,1
medica,1
procedure,1
josh,1
certified,1
elector,1
kameleon,1
sponsored,1
logistically,1
jerky,1
broad,1
unexpected,1
marg,1
ez,1
app,1
smartphones,1
moon,1
moderatorslet,1
harrisbiden,1
nowglad,1
boarder,1
desired,1
dodge,1
brennan,1
nocred,1
hack,1
smug,1
unlikeable,1
rethink,1
enforce,1
dizzy,1
backstabbed,1
aborted,1
insufferable,1
roasted,1
dunked,1
altogether,1
slick,1
talker,1
charm,1
attach,1
pension,1
slime,1
pea,1
explaining,1
coffin,1
abundantly,1
objectivity,1
satan,1
reincarnated,1
applied,1
oooops,1
fatal,1
ignoring,1
presenting,1
debater,1
nod,1
agreeing,1
explanation,1
silence,1
sudan,1
ton,1
rejected,1
booker,1
congressman,1
asks,1
visaduring,1
pandemicthe,1
yearconflict,1
faultthe,1
nvc,1
horn,1
ethiopiasudanghana,1
trafficking,1
crazylol,1
congrerss,1
ann,1
freely,1
certain,1
billionares,1
progressing,1
foward,1
handicap,1
undertaker,1
mb,1
delightful,1
mod,1
distasteful,1
backfired,1
logic,1
bleepof,1
tirion,1
lannister,1
jon,1
heder,1
englishman,1
scotland,1
eligible,1
scrimping,1
kamilla,1
undestand,1
swifft,1
springstein,1
stevie,1
hannah,1
montana,1
crimea,1
obamas,1
invade,1
vital,1
icing,1
tasty,1
okeefe,1
undercover,1
producer,1
relevancy,1
popularity,1
informed,1
showcasing,1
selection,1
shout,1
neuron,1
foreseen,1
publicly,1
vurge,1
blessed,1
sportswhere,1
winbecause,1
fist,1
grandpa,1
reacted,1
tswifts,1
idol,1
aspect,1
bodily,1
drift,1
collective,1
hyperbole,1
exaggeration,1
widespread,1
minisongwriters,1
immigrated,1
ohioan,1
succeeded,1
aware,1
injustice,1
goofball,1
kammiepoo,1
cte,1
stutteringits,1
unwatchable,1
blamed,1
assination,1
eloquent,1
kiddy,1
oka,1
mutilation,1
permitted,1
percentage,1
knack,1
castration,1
roomssad,1
poeple,1
willnever,1
liberalism,1
fakest,1
freakin,1
thoughtful,1
tic,1
tok,1
ypu,1
distance,1
rightfully,1
sweetie,1
overwhelmingly,1
teets,1
ucck,1
worktrump,1
patriarchy,1
repercussion,1
elsewhere,1
overshadow,1
invasion,1
overpriced,1
occur,1
dissociate,1
route,1
ja,1
boycoutt,1
maxist,1
canadaor,1
ceo,1
sisterfriend,1
tabithaspeakspolitics,1
snake,1
mortgage,1
increasing,1
carton,1
yak,1
yearolds,1
dirty,1
grab,1
chest,1
biggie,1
burnedlootedrioting,1
located,1
consistently,1
gleefully,1
screened,1
defendant,1
swears,1
temporary,1
custody,1
approve,1
aboit,1
fsb,1
witted,1
putz,1
sued,1
whatthat,1
senile,1
remains,1
ideologue,1
trailer,1
undoing,1
rasict,1
subjected,1
opponentsits,1
hippocrates,1
garbagetrump,1
divisionit,1
stripped,1
yearsunlike,1
bidenharristrump,1
lame,1
fuss,1
brash,1
fowl,1
rant,1
jth,1
tresspassing,1
tyrant,1
walt,1
campaigned,1
otherside,1
flipped,1
prewritten,1
aigenerated,1
believed,1
monstrous,1
quid,1
quo,1
joes,1
abandon,1
peurto,1
ahem,1
poorly,1
amongst,1
reporter,1
sanitized,1
pickup,1
repent,1
sin,1
wiped,1
minimal,1
practiced,1
scolded,1
clooney,1
cow,1
namely,1
twist,1
degenerate,1
ticker,1
knoweven,1
decorum,1
tow,1
thang,1
juvenile,1
itdonald,1
nyagreed,1
willingness,1
disagrees,1
deliberately,1
hansen,1
dismiss,1
offensive,1
proving,1
puff,1
considers,1
juxtapose,1
nyts,1
wild,1
openly,1
naive,1
rabbit,1
newlywed,1
homelessness,1
thanksgiving,1
jung,1
maserati,1
kbut,1
rounding,1
risky,1
investing,1
capitulation,1
studied,1
discover,1
forecasting,1
chart,1
mentor,1
disciplined,1
jdvancea,1
youwe,1
gqp,1
forwarding,1
dfl,1
bullshit,1
depending,1
ezira,1
essential,1
dip,1
toe,1
linda,1
mcquaigs,1
banker,1
closeted,1
pushback,1
snowball,1
ordinance,1
neighboring,1
burroughs,1
coupled,1
zalinsky,1
mohammed,1
salman,1
circular,1
blather,1
interacting,1
sociopathic,1
amateur,1
preaching,1
sealed,1
unnoticed,1
enraged,1
sil,1
championing,1
appalled,1
huuuuuge,1
transgenderism,1
assasination,1
framing,1
blmantifa,1
stunned,1
flat,1
ash,1
scandalous,1
wasteland,1
dominated,1
vivek,1
tulsi,1
candace,1
bls,1
ethnic,1
plantation,1
grace,1
wouldbyenthat,1
footnote,1
booksie,1
mondale,1
dukakis,1
geraldine,1
ferraroetches,1
harrisif,1
possiblebtw,1
kalama,1
alcohol,1
xanaxbut,1
june,1
secondmost,1
coddling,1
thug,1
jacob,1
frey,1
urgent,1
gutless,1
delayed,1
amid,1
george,1
floyd,1
precinct,1
imploring,1
tattle,1
abide,1
umm,1
overlord,1
gulag,1
concrete,1
antagonize,1
swingvoters,1
dishing,1
fers,1
admits,1
reassuring,1
disengeneous,1
grandpapa,1
benefactor,1
replaced,1
antisocial,1
rebel,1
predetermined,1
represented,1
antidote,1
selfdoubt,1
sociopath,1
fiction,1
philosophy,1
vying,1
mama,1
cuban,1
controller,1
silenced,1
gowing,1
wry,1
iphone,1
temp,1
atm,1
loạn,1
hodlhouse,1
binging,1
huuuú,1
hooooố,1
heeeeeé,1
khaaaaaaá,1
evation,1
dissater,1
huuuu,1
hoooooố,1
walx,1
sf,1
highrise,1
regulated,1
oooor,1
lorne,1
malvo,1
fargo,1
hayyyy,1
mannice,1
worshiper,1
nea,1
squashed,1
dust,1
godless,1
lolrepublicans,1
weirdbut,1
spewed,1
firstcomrade,1
coco,1
chow,1
shifty,1
schiff,1
pocahontas,1
morelolwhat,1
emergent,1
opposed,1
wo,1
nafta,1
infrastructure,1
shenanigan,1
harrisi,1
reset,1
phasing,1
equity,1
reconstruction,1
forgiven,1
influenceso,1
unusal,1
frustration,1
beenmore,1
wwiimembers,1
archie,1
bunker,1
prospective,1
familiarity,1
aspiring,1
politicianhowever,1
philosophically,1
welleducated,1
academicallycan,1
workingclass,1
daytoday,1
sensibility,1
wealth,1
disparity,1
midseventies,1
unrepresented,1
gathered,1
basketball,1
organizational,1
banquet,1
waaaaaaay,1
preventative,1
winwin,1
adjective,1
buzz,1
movein,1
unison,1
predictable,1
misfortune,1
stirring,1
unfold,1
realizing,1
untrustworthy,1
horrifying,1
violently,1
defeat,1
heartsthey,1
